:020000040800F2
:1000000008720020650100089B220008F320000808
:100010009922000807030008D53A000800000000F4
:100020000000000000000000000000004323000862
:1000300009030008000000004123000845230008D0
:100040007F0100087F0100087F0100087F01000890
:100050007F0100087F0100087F0100087F01000880
:100060007F0100087F0100087F0100087F01000870
:100070007F0100087F0100087F0100087F01000860
:100080007F0100087F0100087F0100087F01000850
:100090007F0100087F0100087F0100087F01000840
:1000A0007F0100087F0100087F0100087F01000830
:1000B0007F0100087F0100087F0100087F01000820
:1000C0007F0100087F0100087F0100087F01000810
:1000D0007F0100087F0100087F0100087F01000800
:1000E0007F0100087F0100087F0100080000000078
:1000F0000000000000000000000000000000000000
:1001000000000000000000007F0100087F010008DF
:100110007F0100087F0100087F0100087F010008BF
:100120007F0100087F0100087F0100087F010008AF
:100130007F01000800000000000000007F010008AF
:100140007F0100087F0100087F0100089D22000850
:10015000DFF80CD000F09AF800480047854000080E
:10016000087200200648804706480047FEE7FEE781
:10017000FEE7FEE7FEE7FEE7FEE7FEE7FEE7FEE757
:10018000C5230008510100082DE9F05F0546002055
:1001900092469B4688460646814640241BE02846F8
:1001A00041464746224600F020F853465A46C01AB8
:1001B000914110D311461846224600F058F82D1AE6
:1001C00067EB01084F4622460120002100F04FF85E
:1001D00017EB00094E41201EA4F10104DFDC484664
:1001E00031462A464346BDE8F09F202A04DB203AE8
:1001F00021FA02F00021704721FA02F3D040C2F147
:100200002002914008431946704740EA01039B07CA
:1002100003D009E008C9121F08C0042AFAD203E07B
:1002200011F8013B00F8013B521EF9D27047D2B2DF
:1002300001E000F8012B491EFBD270470022F6E7CF
:1002400010B513460A4604461946FFF7F0FF20464C
:1002500010BD10B54843044604F0AEF8002805D0A0
:100260000021002C02D0641E0155FAE710BD202A9F
:1002700004DB203A00FA02F1002070479140C2F1FD
:10028000200320FA03F3194390407047064C074DB2
:1002900006E0E06840F0010394E807009847103456
:1002A000AC42F6D3FFF758FFBC450008DC45000818
:1002B00070B58C1810F8015B15F0070301D110F828
:1002C000013B2A1106D110F8012B03E010F8016B55
:1002D00001F8016B5B1EF9D12B0705D40023521ED8
:1002E0000DD401F8013BFAE710F8013BCB1A921C40
:1002F00003E013F8015B01F8015B521EF9D5A1423E
:10030000D8D3002070BDFEE77047000006490020EA
:10031000C8610648016941F004010161016941F0C9
:100320004001016170470000E80900200020024000
:100330002DE9F047DFF89C80D8F820104CF25039B6
:100340000143CFB2C1F30726C1F307450C0E48465F
:1003500000F02AF900283BD11F49C86100F044FB96
:10036000002835D1D8F8102042F01002C8F810202B
:10037000FF2F07D01948018839430180484600F013
:1003800013F9F8B9FF2E08D01448801C01883143B6
:100390000180484600F008F9A0B9FF2D08D00F48A9
:1003A000001D018829430180484600F0FDF848B946
:1003B000FF2C07D00948801D018821430180484651
:1003C00000F0F2F8D8F8102022F01002C8F810203F
:1003D000BDE8F08700200240E809002008F8FF1F70
:1003E0002DE9F047DFF89C80D8F820104CF2503906
:1003F0008143CFB2C1F30726C1F307450C0E48462F
:1004000000F0D2F800283BD11F49C86100F0ECFA97
:10041000002835D1D8F8102042F01002C8F810207A
:10042000FF2F07D01948018839400180484600F065
:10043000BBF8F8B9FF2E08D01448801C0188314061
:100440000180484600F0B0F8A0B9FF2D08D00F4851
:10045000001D018829400180484600F0A5F848B9F0
:10046000FF2C07D00948801D0188214001804846A3
:1004700000F09AF8D8F8102022F01002C8F81020E6
:10048000BDE8F08700200240E809002008F8FF1FBF
:100490000449A520C96901F00201022900D1002008
:1004A000704700000020024070B506464CF25035FF
:1004B000284600F079F8002820D11149C861114C74
:1004C000206940F020002061206940F04000206158
:1004D000284600F069F8216921F0200121610028F7
:1004E0000CD1206940F010002061074806802846A2
:1004F00000F05AF8216921F01001216170BD00005F
:10050000E80900200020024000F8FF1F064A0021F1
:10051000D16106490A6942F002020A61486108692C
:1005200040F0400008617047E809002000200240C8
:10053000044B0022DA61044A136943F0010313619A
:1005400001807047E8090020002002401448002282
:10055000C168CB06134904D5CA6942F00202CA61D8
:100560001022C3685B0705D5CB6943F00103CB615B
:1005700042F00402C369DB0707D0CB6943F00403F0
:10058000CB61C16921F00101C161A2F5807101391E
:1005900001D0C2607047C16921F00101C16170479B
:1005A00000200240E809002070B5054600F02EFC4E
:1005B0000646114C09E0681C07D025B100F026FC66
:1005C000801BA84201D9032070BDE068C007F2D1AA
:1005D000E068800601D52020E060E068C00605D410
:1005E000E069C00702D1E068400703D5FFF7AEFF1E
:1005F000012070BD002070BD0020024010B590F8B1
:100600002020012A07D0022A05D0416A41F4802126
:100610004162012010BD3B48D0F8002242F00102A7
:10062000C0F80022D0F8002222F47C52C0F8002248
:10063000D0F800224B6A42EA0322C0F800220A7D69
:1006400002F01F0301229A40D0F81C329343C0F8F5
:100650001C32CB69B3B9D0F80C329343C0F80C32DA
:100660008C894B6864F31F434C6900EBC404C4F8E5
:1006700040320C890B6864F31F434C6900EBC404DF
:10068000C4F84432CB69012B16D1D0F80C32134395
:10069000C0F80C320C884B6864F31F434C6900EBC4
:1006A000C404C4F840320C89CB6864F31F434C691E
:1006B00000EBC404C4F844328B69002BD0F8043238
:1006C0000ED01343C0F804320B69002BD0F814325B
:1006D00008D01343C0F81432096A012904D008E095
:1006E0009343EFE79343F5E7D0F81C121143C0F8AA
:1006F0001C12D0F8001221F00101C0F800120020F5
:1007000010BD00000064004070B5040003D094F8F0
:10071000200010B104E0012070BD204600F082F8F6
:100720002068016821F00201016000F06FFB0546BE
:10073000052604E000F06AFB401B0A2811D8206857
:1007400040688007F6D42068016841F0010101602B
:1007500000F05CFB05460BE000F058FB401B0A284C
:1007600006D9606A40F40030606284F82060D2E705
:1007700020684068C007EFD0207E0128206801680B
:100780003DD021F080010160607E01282068016871
:1007900038D021F040010160A07E01282068016866
:1007A00033D021F020010160E07E0128206801683B
:1007B0002ED041F010010160207F012820680168DF
:1007C00029D021F008010160607F012820680168BC
:1007D00024D021F004010160D4E902010843D4E9E6
:1007E0000412114308436168491E08432168C86127
:1007F00000206062012084F82000002070BD41F0DC
:100800008001C0E741F04001C5E741F02001CAE79F
:1008100021F01001CFE741F00801D4E741F00401D5
:10082000D9E70000F0B585B00021374A0091019169
:100830000291039103681068324F344C022503265D
:100840003349401CBB422DD11060012807D1C86933
:1008500040F00070C861C86900F0007004908869B9
:1008600040F0080088618869694600F0080004903B
:100870004FF480700090204600F0D2F94FF40070E1
:10088000CDE9000569460396204600F0C9F92148E4
:10089000416821F4C04141F0E06141F48041416090
:1008A00005B0F0BD1C4FBB42FAD1CB6943F0806369
:1008B000CB61CB69012803F080630493106007D1FA
:1008C000C86940F00070C861C86900F00070049009
:1008D000886940F0080088618869694600F008006E
:1008E00004904FF480500090204600F099F94FF4A6
:1008F0000050CDE9000569460396204600F090F9C6
:10090000CEE70000006400407C010020000C0140A4
:1009100000100240000001400068004070B504462D
:1009200000F074FA0546601C02D0044800780444C4
:1009300000F06CFA401BA042FAD370BD8001002089
:100940002DE9F047054626480F460126017E01297C
:100950000FD00121814601762868DFF888804CF2AB
:100960005034022808D0A2462046FFF71DFEA8B149
:1009700031E00220BDE8F0872046FFF715FE08BBF6
:100980000120FFF7C3FC2046FFF70EFED8F8101039
:10099000064621F00401C8F810101CE04FF0FF30AB
:1009A0003860AC6811E02046FFF7B0FD5046FFF715
:1009B000FBFDD8F81010060021F00201C8F8101055
:1009C00001D03C6007E004F50064D5E9020100EBCA
:1009D000C120A042E7D8002189F818103046C9E7A5
:1009E000E80900200020024070B5FFF751FDC5B2B4
:1009F0004CF250363046FFF7D7FD002818D10D498C
:100A0000C8610D4C206940F020002061206940F051
:100A1000400020613046FFF7C7FD216921F0200129
:100A20002161002804D12846BDE87040FFF73CBD95
:100A300070BD0000E80900200020024070B50446A7
:100A4000064D07202060286AA060FFF721FD207472
:100A5000E869C0F38200607470BD000000200240AD
:100A60002DE9F0472D4D04460120297E01290ED0A5
:100A70000121297621784FF00007C9070DD0606861
:100A80000128A06806D0FFF753FCE8BB05E0022070
:100A9000BDE8F087FFF7A4FCF7E72178890703D5C5
:100AA000207CFFF701FD78BB21781D4E49074CF2F1
:100AB000503916D594F811804846FFF775FD78B97E
:100AC000EF61306940F010003061164948F088004D
:100AD00008804846FFF768FD316921F01001316157
:100AE00090B92178090716D5D4F81480247E484699
:100AF000FFF75AFD40B9EF61306940F010003061F6
:100B0000A8F80040484600E005E0FFF74DFD3169D8
:100B100021F0100131612F76BAE70000E8090020CA
:100B20000020024002F8FF1F0348016941F08001E4
:100B300001610020704700000020024000F004BA6C
:100B40000348016921F40071016100207047000031
:100B50000020024005480169890505D404498160E7
:100B60000449816000207047012070470020024046
:100B700023016745AB89EFCD2DE9F05F07461C489F
:100B800088460024017E15461E46012909D0012110
:100B9000814601764CF2503A5046FFF705FD18B1F8
:100BA00022E00220BDE8F09F012F02D0022F00D0EA
:100BB0000427D346DFF83CA0220128463146FFF740
:100BC00014FB81B208EB4400FFF7B2FC5846FFF774
:100BD000EBFCDAF8102022F00102CAF8102018B954
:100BE000641CE4B2BC42E7D3002289F81820D9E79C
:100BF000E809002000200240064900200A69120688
:100C000007D5054A4A60054A4A600969090600D5C0
:100C1000012070470020024023016745AB89EFCDDA
:100C20002DE9F84FDFF8B891002409F1040A0AF120
:100C3000040B23460F270BF1040EC9E00125A54044
:100C40002A40AA427DD1674ED1F804C0ACEB060819
:100C5000B44532D014DCBCF1030F3AD009DCBCF14E
:100C6000000F2AD0BCF1010F1CD0BCF1020F31D112
:100C70001DE0BCF1110F17D0BCF1120F2AD119E001
:100C8000B8F5881F19D006DCB8F5803F15D0B8F547
:100C9000801F1FD111E0B8F5001F0ED0B8F5041F5A
:100CA00018D10AE0CB6815E0CB681B1D12E0CB68B9
:100CB00008330FE0CB680C330CE08B682BB1012BB1
:100CC0004FF0080303D0456104E0042302E005610E
:100CD00000E00023FF2A01D8064601E000F10406E7
:100CE0004FEA840501D9A5F12005D6F8008007FA5E
:100CF00005FC28EA0C0803FA05F548EA0508C6F8D9
:100D000000804D68ED0062D5374DAE6946F00106B2
:100D1000AE61AD6924F0030605F001050095334D81
:100D200006EB050CDCF80850A607360F07FA06F8A4
:100D300025EA0805DFF8B880404503D14FF00008E8
:100D400017E044E0DFF8AC80404502D14FF00108E5
:100D50000FE0DFF8A480404502D14FF0020808E020
:100D6000DFF89880404502D14FF0030801E04FF0D2
:100D7000040808FA06F848EA0508CCF808804D6827
:100D8000D9F80060ED034D4601D5164300E09643C7
:100D90002E604D68DAF80060AD03554601D5164364
:100DA00000E096432E604D68DBF80060ED025D4682
:100DB00001D5164300E096432E604D68DEF80060D2
:100DC000AD02754601D5164300E096432E60641CC3
:100DD0000D682A46E5407FF431AFBDE8F88F00008A
:100DE000000401400000111000100240000001400A
:100DF00000080140000C01400010014000140140B7
:100E00000AB1016170470904FBE7000001488068EE
:100E10007047000080010020024881680278114478
:100E20008160704780010020074810B5016841F0DB
:100E300010010160032000F075F8002000F006F8B2
:100E400000F024F8002010BD0020024070B50D4DC8
:100E500004464FF47A712878B1FBF0F00A4909682A
:100E6000B1FBF0F001F066F848B9102C07D200226F
:100E70002146501E00F036F800206C6070BD012045
:100E800070BD0000800100208C0100200C4808B5D6
:100E9000816941F001018161816901F001010091E5
:100EA000C16941F08051C161C06900F0805000907B
:100EB0000448416821F0E06141F00071416008BDE3
:100EC0000010024000000140002809DB00F01F0272
:100ED000012191404009800000F1E020C0F800119C
:100EE00070470000F0B40E4B1B680C46C3F302239E
:100EF000C3F10705042D00D90425191D072901D2C6
:100F0000002300E0DB1E012606FA05F1491E214000
:100F100099409E40761E16403143F0BC02F0DBBD86
:100F20000CED00E0064900F0070208684FF6FF03E9
:100F3000184040EA0220034A10430860704700004E
:100F40000CED00E00000FA05BFF34F8F0548016883
:100F5000054A01F4E06111430160BFF34F8F00BF08
:100F6000FDE700000CED00E00400FA0500684162B6
:100F700000207047F0B50368586A39B19C6A4FF495
:100F8000827600EB144400204D1E0AE040EA024045
:100F900098620FE006EB8007DF59401C04EB174412
:100FA000C0B2A842F6D344EA02404FF4807202EB8A
:100FB000810158500020F0BD7047C1EBC10200EB29
:100FC0008202D0F8FC03926C01F0D8BDC1EBC102E3
:100FD00000EB8202D0F8FC03D2F8082201F031BE07
:100FE000704770B504460B0601F00F00C0EBC0015E
:100FF00004EB81014FF001024FF0000503D581F8A9
:101000003D203C3103E081F8FD5101F5FE7108708F
:1010100094F8BC03012808D084F8BC23206802F0AF
:101020008FF984F8BC53002070BD022070BD70B5EC
:10103000044601F00F006268904201D9012070BDA2
:101040000B0601F00F01C1EBC10104EB81014FF070
:1010500001024FF0000503D581F83D203C3103E04B
:1010600081F8FD5101F5FE718D70087094F8BC0394
:10107000012808D084F8BC23206802F0EBFA84F839
:10108000BC53002070BD022070BD01F00F01C1EB08
:10109000C10100EB8100D0F8140270472DE9F04146
:1010A00004460F0601F00F00C0EBC00104EB810104
:1010B0004FF001064FF0000503D581F83D603C314B
:1010C00003E081F8FD5101F5FE7108708A60CB7074
:1010D0004A7802B1C880022B00D10D7194F8BC038C
:1010E000012809D084F8BC63206802F093F82846F0
:1010F00084F8BC53BDE8F0810220FBE770B50C46D4
:1011000001F00F05C5EBC50100EB8101C1F8082214
:101110000022C1E9843281F8FD2181F8FC51006888
:1011200001F5FE71220703D002F0ECFA002070BD39
:1011300002F0F8F9FAE770B504460D4601F00F0029
:101140006168884201D9012070BD29064FF0000670
:101150004FF0010207D5C0EBC00104EB810181F81B
:101160003D203C3107E0C5EBC50104EB810181F86E
:10117000FD6101F5FE718A70087094F8BC030128C6
:1011800007D084F8BC23206802F090FA280702D028
:1011900006E0022070BD04F57171206802F038FA93
:1011A00084F8BC63002070BD70B50C4601F00F05DB
:1011B000C5EBC50100EB81018A640022C1E914324C
:1011C000012281F83D2001F83C5F0068220703D02E
:1011D00002F098FA002070BD02F0A4F9FAE70000CE
:1011E0002DE9F05F05680446284602F089FB0028D7
:1011F0007ED1206802F0B0FB002879D0206802F090
:10120000ABFB800704D52068416901F00201416110
:10121000206802F0A1FB00034FF001094FF0080B1A
:1012200061D50026206802F076FB0746DFF89CA314
:1012300057E0F80753D0F1B2206802F085FB8046F2
:10124000C0071BD005EB4611C1F8089B216820465A
:101250000B6C01EB4612D2F8081B53450BD10B0463
:1012600004D54FF40040C2F8080B07E0890602D508
:101270002021C2F8081BF1B2FFF7A8FE5FEA087050
:1012800014D52068016C00EB4612D2F8080B5145CA
:1012900005D1000403D54FF40040C2F8080B2046E6
:1012A00000F04FFA05EB4610C0F808BB5FEAC860D3
:1012B00004D505EB46101021C0F8081B5FEA8860D2
:1012C00004D505EB46102021C0F8081B5FEA8840D2
:1012D00005D505EB46104FF40051C0F8081B7F08F8
:1012E000761C002FA5D1206802F036FB400300E0F9
:1012F0006AE149D5206802F007FB0746002641E075
:10130000F8073DD0F1B2206802F00CFB8046C00720
:1013100010D006F00F0209FA02F0D5F83428824303
:10132000C5F8342805EB4610C0F80899F1B22046FC
:10133000FFF743FE5FEA087003D505EB4611C1F8DD
:1013400008B95FEAC86004D505EB46111020C1F862
:1013500008095FEA486004D505EB46104021C0F853
:1013600008195FEA887004D505EB46100221C0F821
:1013700008195FEA086003D53146204600F094FF63
:101380007F08761C002FBBD1206802F0E5FA002808
:101390000DDAD5F8040820F00101C5F8041820463C
:1013A00000F0B3F92068416901F000414161206813
:1013B00002F0D2FA00050BD5D5F80808C00702D014
:1013C000204600F0FEF92068416901F400614161A6
:1013D000206802F0C1FAC10404F5717859D5D5F836
:1013E000040820F00101C5F804181021206802F05B
:1013F00069FA00214FF67F3213E000BF05EB411080
:10140000C0F80829D0F8003923F40013C0F80039D7
:10141000C0F8082BD0F8003B23F40013C0F8003BC1
:10142000491C60688842E9D8D5F81C0840F00111D1
:10143000C5F81C18206B002828460DD0D0F8840869
:1014400040F00B01C5F88418D5F8440840F00B01B2
:101450002846C5F844180DE0D0F8140842F22B01D4
:101460000843C5F81408D5F8100840F00B012846C9
:10147000C5F81018D0F8000820F4FE61C5F800186F
:101480004146206802F0C4F82068416901F48051A7
:101490004161206802F060FA800415D5206801F0EF
:1014A000F9FE206802F020FAE06000F0E9FA014657
:1014B000227B206802F08AFA204600F019F92068A1
:1014C000416901F400514161206802F045FAC0060B
:1014D00034D52068816921F0100181612F6A07F0FD
:1014E0000F00C0EBC00004EB8006C7F3434006F5D5
:1014F000FE76022802D0062811D01AE047F6F070D6
:10150000074216D0C7F30A1217462846F16802F0C0
:1015100027FAF0683844F060B069384408E00822DF
:101520004146284602F01CFAB069C7F30A11084484
:10153000B0612068816941F010018161206802F08A
:101540000BFA000707D5204600F0E3F82068416950
:1015500001F008014161206802F0FEF9C00208D5DF
:101560000021204600F034F82068416901F4801120
:101570004161206802F0F0F9800208D50021204680
:1015800000F027F82068416901F4001141612068EA
:1015900002F0E2F9400007D52046FFF70DFD206874
:1015A000416901F080414161206802F0D5F94007AE
:1015B0000AD520684568680702D52046FFF710FD68
:1015C0002068416829434160BDE8F09F0A31544FCB
:1015D000704770472DE9F0418AB0040005D094F8B7
:1015E000BD032668002520B108E001200AB0BDE84F
:1015F000F08184F8BC53204600F05EF8032084F8A4
:10160000BD03F06BC00500D42561206801F084FFA4
:1016100004F11001282288466846FEF7F6FD94E89A
:101620000F0001F045FE0226C8BB0021206802F031
:10163000A5F9002001270EE0C0EBC00104EB8101F9
:1016400081F83D7001F83C0FC880CD708D60CD6091
:10165000401CC0B24D6161688142EDD8002011E0AC
:10166000C0EBC00104EB810181F8FD5181F8FC0160
:1016700081F8FF51C1F80452C1F80852401CC0B2B1
:10168000C1F8105261688142EAD828224146684672
:10169000FEF7BBFD94E80F0001F0AAFE10B184F83C
:1016A000BD63A2E784F8385084F8BD73206801F068
:1016B00093FE00209AE7000008B50068B0F1A04F43
:1016C00012D10A48416941F48051416140690022C8
:1016D00000F48050009011464320FFF703FCBDE862
:1016E00008404320FFF7F0BB08BD00000010024097
:1016F00010B50446D0F8FC03012101F06EFBD4F8CC
:10170000FC03BDE8104001F02ABBD0F8FC0301F057
:101710004EBBD0F8FC0301F054BB10B5044690F862
:10172000BC0301280BD0012084F8BC0384F83810D6
:10173000206802F03AF9002084F8BC0310BD0220B2
:1017400010BD2DE9F04100F57171D0F8FC4305465C
:1017500004F52A700F46064601F094FB94F8A8128F
:101760000020C90603D13146204600F0C7FF94F897
:10177000A81201F01F01012903D13146204600F0D3
:10178000DFFF002806D13946D5F8FC03BDE8F0415B
:1017900001F02DBBBDE8F08110B5044690F8BC0304
:1017A00001280CD0012084F8BC03206801F008FE59
:1017B000206802F071F8002084F8BC0310BD0220FC
:1017C00010BDD0F8FC0301F04DBB00002DE9F8433B
:1017D000044600785B4DC0074FF0010951D0E8691D
:1017E0000026C00008D4E86940F08050E861E8694C
:1017F000012600F08050009053480168C90512D4BA
:101800000168804641F480710160FFF7FFFA0746E6
:1018100005E000BFFFF7FAFAC01B642877D8D8F8B4
:101820000000C005F6D5286A10F440701ED0A188CB
:1018300001F44071814219D0286A444920F4407073
:10184000C1F8009000220A602862C0070ED0FFF79E
:10185000DDFA074641F2883805E000BFFFF7D6FA07
:10186000C11B414553D8286A8007F7D5286A6168AB
:1018700020F44070084328621EB1E86920F08050CF
:10188000E8612078800705D56868A16820F44040A9
:10189000084368602078400705D5E86AE16820F4CD
:1018A00000300843E8622078000705D5E86A21691E
:1018B00020F480200843E862E86A800302D4E86AE2
:1018C000400333D52868C00028D42868400105D5D6
:1018D000E86AA16900F0F000884225D1E86AA169B0
:1018E00020F0F0000843E862E86A616920F4704083
:1018F0000843E8621649C1F87090FFF787FA064678
:1019000008E004E0FFF782FA801B642802D9032074
:10191000BDE8F88328688000F4D507E0E86A6169CB
:1019200000F47040884201D00120F1E72078C00621
:1019300005D56868E16920F48000084368600020EC
:10194000E6E7000000100240007000404004424200
:10195000000042422DE9F0470F46050061D0434E9A
:10196000306800F00700B84209D2306820F0070064
:1019700038433060306800F00700B84251D1286821
:101980003B4C810712D5400703D5606840F4E06006
:1019900060602878000703D5606840F4605060609C
:1019A0006068A96820F0F000084360602878C007EC
:1019B00028D06868012810D02168022810D0890733
:1019C00000292EDA616821F0030101436160FFF70D
:1019D0001DFA804641F288390DE021688903EFE75E
:1019E0008901EDE7FFF712FAA0EB0801494502D99A
:1019F0000320BDE8F0876068696800F00C00B0EB78
:101A0000810FEFD1306800F00700B8420BD9306881
:101A100020F0070038433060306800F00700B8421B
:101A200001D00120E5E72878400705D56068E9681E
:101A300020F4E060084360602878000706D56068FD
:101A4000296920F4605040EAC100606000F01EF88F
:101A50006168084AC1F30311515CC8400649086037
:101A600006480068FFF7F2F90020C2E700200240B4
:101A700000100240AC4500088C01002084010020C9
:101A800001480068704700008C010020F0B524A2D6
:101A900089B00FCA04AC84E80F0025A10FC98DE8F6
:101AA0000F002748416801F00C02042A04D0082ADC
:101AB00004D0244809B0F0BD2348FBE704AAC1F3D1
:101AC0008343C903D45C28D5C16AC26A01F00F01FF
:101AD0001DF80110D20316D5C26AC06AC2F3031200
:101AE000521CA2FB0123C0F30320801CA0FB0415A1
:101AF000154F0026A1FB070C05FB07C501FB06518E
:101B0000FEF742FB03E010486043B0FBF1F09DF8A4
:101B10001D10A142CED14008CCE70C486043C9E774
:101B2000000004050607080900000000000D000081
:101B30000102030405060708090A0B0C0D0E0F101D
:101B40000010024000127A0040787D0100093D003B
:101B50002DE9F84F040070D02078F14DC00749D02E
:101B60006868C0F38100012807D06868C0F381006D
:101B7000022809D16868C00306D52868800339D5D2
:101B8000A0680028E7D035E0A068B0F5803F0BD012
:101B900010B1B0F5A02F11D0286820F48030286053
:101BA000286820F4802002E0286840F48030286013
:101BB000A06890B1FFF72AF906460AE0286840F4C9
:101BC00080202860F0E700BFFFF720F9801B642821
:101BD00076D828688003F7D50CE0FFF717F906469A
:101BE00005E000BFFFF712F9801B6428F0D82868D1
:101BF0008003F7D42078CB4E80074FF001094FF0D7
:101C000000073AD5686810F00C0F07D06868C0F379
:101C10008100022809D16868C00306D428688007BB
:101C200015D56069012808D111E06069B8B1C6F81E
:101C30000090FFF7EBF8804606E042E1FFF7E6F898
:101C4000A0EB08000228C3D828688007F6D52868CA
:101C5000A16920F0F80040EAC10028600DE037607B
:101C6000FFF7D4F8804605E0FFF7D0F8A0EB0800B6
:101C70000228ADD828688007F6D4207800072ED532
:101C8000A948E169E9B1C0F80090FFF7BFF88046C4
:101C900006E000BFFFF7BAF8A0EB0800022897D8CB
:101CA000686A8007F6D5A1484FF4FA510068B0FB86
:101CB000F1F0009000BF0098411E0091FAD20EE0B2
:101CC000B0E00760FFF7A2F8804605E0FFF79EF856
:101CD000A0EB0800022889D8686A8007F6D420782B
:101CE000400763D5E8694FF00008C00009D4E869EF
:101CF00040F08050E861E8694FF0010800F0805042
:101D000000908B480168C90512D40168834641F4EC
:101D100080710160FFF77AF8824605E0FFF776F8F8
:101D2000A0EB0A0064287DD8DBF80000C005F5D5DB
:101D3000206901280AD008B1052813D0286A20F0AC
:101D400001002862286A20F0040002E0286A40F0BE
:101D500001002862206941F2883B98B1FFF756F8EC
:101D600082460BE0286A40F004002862EEE700BFDC
:101D7000FFF74CF8A0EB0A01594553D8286A8007B1
:101D8000F6D50CE0FFF742F8824605E0FFF73EF893
:101D9000A0EB0A01594545D8286A8007F6D4B8F166
:101DA000000F03D0E86920F08050E861E06AD0B30A
:101DB0006968C90307D56968C1F38101022902D1A5
:101DC000E96AC9037DD4022808D0E86A20F480308B
:101DD000E862B766FFF71AF880463BE02868C00063
:101DE00005D5E86A616B00F0F000884269D1B766FA
:101DF000FFF70CF8804605E0FFF708F8A0EB0800B5
:101E0000642874D828680001F6D4E86A616B20F071
:101E1000F0000843E862E86A216B20F47060084330
:101E2000E86201E063E018E0C6F86890FEF7EEFFB4
:101E3000804605E0FEF7EAFFA0EB0800642856D8CC
:101E400028680001F6D508E0FEF7E0FFA0EB0800E7
:101E500064284CD828680001F6D4206A90B36968D9
:101E6000C1F38101022949D00228376603D0FEF769
:101E7000CDFF04463EE0FEF7C9FF074605E000BF80
:101E8000FEF7C4FFC01B022831D828688001F7D4B0
:101E9000606AB0F5803F09D1E86A61680843E8628A
:101EA000E86AE16820F00F000843E862D4E909011C
:101EB0000843696821F4741108436860C6F86090AB
:101EC00001E028E029E0FEF7A1FF044605E000BF9D
:101ED000FEF79CFF001B022809D828688001F7D56F
:101EE0001BE000BFFEF792FF001B022802D903206F
:101EF000BDE8F88F28688001F4D40EE00128F7D0FF
:101F00006868626A00F48031914204D1A16A00F4E9
:101F10007010884201D00120EAE70020E8E70000C5
:101F20000010024000004242800442428C01002026
:101F30000070004010B5401EB0F1807F01D3012039
:101F400010BD4FF0E02460610F21601701F0C3FD68
:101F50000020A06107202061002010BD70B590F81E
:101F60003C20012A19D0012400F83C4F0222427083
:101F700050F83C3C5A689D6822F070060A6849682F
:101F8000324325F0800529435A6050F83C2C91607B
:101F9000447000210170084670BD022070BD10B56C
:101FA000040003D094F83D0010B107E0012010BDFB
:101FB000002084F83C00204600F00CF8022084F851
:101FC0003D00211D206800F027FA012084F83D0023
:101FD000002010BD08B50068B0F1804F08D1054859
:101FE000C16941F00101C161C06900F001000090C8
:101FF00008BD000000100240022180F83D10016879
:102000008A6802F00702062A03D00A6842F0010239
:102010000A60012180F83D100020704770B5044629
:1020200090F83C00012817D0012584F83C5002208C
:1020300084F83D002068826822F0770222F47F4213
:1020400082600868502830D00DDC20284DD005DC97
:1020500098B310283BD148E0022070BD302844D00E
:10206000402834D139E0602828D0702806D0B0F557
:10207000805F2CD0B0F5005F29D10AE0CB68D1E9B0
:102080000121206800F006FA2068816841F077019C
:1020900009E0CB68D1E90121206800F0FBF9206854
:1020A000816841F48041816011E0CA684968206814
:1020B00000F002FA5021206807E016E0CA6849687B
:1020C000206800F00AFA6021206800F0EDF984F839
:1020D0003D50002084F83C0070BDCA684968206803
:1020E00000F0EAF940212068EFE722680146104637
:1020F000EBE7FEE70A4809494FF4A02201600921F5
:10210000416000218160C0E903124161017641769E
:102110008176C17601774177FEF7F6BA0064004018
:102120009C0100200A4809494FF4A02201600921BE
:10213000416000218160C0E903124161017641766E
:102140008176C17601774177FEF7DEBA00680040FC
:10215000C40100202DE9F04786B0002535480095E0
:10216000019502950395816941F0100181618169B2
:1021700001F010010491816941F0200181618169C0
:1021800001F020010491816941F0040181618169BC
:1021900001F004010491816941F0080181618069C5
:1021A000DFF8949000F008000490012215214846C1
:1021B000FEF726FEDFF884A04FF4007801224146A6
:1021C0005046FEF71DFE4FF6EA700324CDE90004E9
:1021D00069464846FEF724FD152001260227CDE971
:1021E0000006CDE9025769464846FEF719FD48F258
:1021F000FF50CDE9000469465046FEF711FD4CF64C
:10220000FF40CDE9000469460D48FEF709FDCDF811
:1022100000800397CDE9016569465046FEF700FD51
:102220000420CDE9000469460648FEF7F9FC06B033
:10223000BDE8F08700100240001001400008014096
:10224000000C01400014014010B586B00024114874
:10225000009401940294039404944FF080410594F7
:1022600001604721C0E901144FF6FF71C0E9031472
:102270008461FFF794FE4FF4805000906946054852
:10228000FFF7CCFE049404A902480594FFF766FE0C
:1022900006B010BDEC010020FEE770470148FEF7D4
:1022A0009FBF0000640500202DE9F0470E46C1EBFA
:1022B000C60100EB81040568D4E914103C3488425F
:1022C00002D90120BDE8F087081AA168814200D236
:1022D0000846C01C870805EB461817E0A0EB01096B
:1022E000A068484500D2814609F1030087081FFA1B
:1022F00089F3F2B22846E16801F0DCFBE16801EB0A
:102300000900E060A16901EB0900A061D8F8180993
:1023100080B2B84205D3D4E90501814201D2002838
:10232000DCD1D4E90501884208D806F00F0101206C
:102330008840D5F834188143C5F834180020C1E727
:1023400070477047FEF768BD30B59BB038216846CE
:10235000FDF774FF14210EA8FDF770FF202113A8CC
:10236000FDF76CFF012420040421CDE902010225C0
:10237000CDE908500094019005944FF4E010CDE9A8
:102380000A054FF4C0600C9040200D906846FFF79E
:10239000DFFB0F20CDE90E050025A002CDE910508E
:1023A00002210EA81295FFF7D5FA102013901A9566
:1023B00013A8FFF70BFA024804671BB030BD0000FA
:1023C000000042421048016841F00101016041688B
:1023D0000E4A1140416001680D4A114001600168D8
:1023E00021F480210160416821F4FE01416001680F
:1023F00021F0A05101604FF47F0181600021C16292
:102400000449C00308607047001002400000FFF05C
:10241000FFFFF6FE08ED00E0F0B50268194B1A4C1C
:102420001A4D1B4E4FF08047984207D0B84205D056
:10243000A04203D0A84201D0B04204D122F0700CD7
:102440004A6842EA0C02984207D0B84205D0A0423E
:1024500003D0A84201D0B04203D122F44074CA682C
:1024600022434C6922F08002224302608A68C262E1
:102470000A688262984201D10969016301214161C0
:10248000F0BD0000002C01400004004000080040A6
:10249000000C004010B5846842EA032224F47F4413
:1024A0000A432243826010BD826822F070020A4310
:1024B00042F007018160704710B5036A046A24F096
:1024C00001040462846924F0F00444EA021423F055
:1024D0000A020A438461026210BD10B5036A23F048
:1024E000100303628369046A23F4704343EA0232EF
:1024F00024F0A00343EA01118261016210BD10B50E
:10250000D0F8B42252689047002010BD134610B591
:102510000A46002100F01CFC002010BD134610B537
:102520000A46002100F0A7FC002010BD10B50446AB
:10253000802100F089FC2046BDE81040002100F019
:1025400083BC10B50323C0F85C21C0F89432C0F8F6
:10255000602113460A46002100F0FAFB002010BD5E
:1025600010B505210023C0F894121A46194600F050
:10257000EFFB002010BD10B50223C261C0F89432F9
:10258000026213460A46002100F075FC002010BDCF
:1025900010B504210023C0F894121A46194600F021
:1025A0006AFC002010BD000010B50A46024903A0D5
:1025B00000F09DFA004810BD6409002063616E645C
:1025C0006F5F75736220636F6E666967000000005D
:1025D00012200880004870476801002010B50A46A4
:1025E000024903A000F083FA004810BD64090020EE
:1025F00063616E646F5F75736220696E7465726685
:102600006163650004200880004870476401002071
:1026100010B50A46024903A000F069FA004810BD4F
:10262000640900204142460010B50A46024903A051
:1026300000F05DFA004810BD6409002043616E643B
:102640006F5F32636800000010B50D480C4688B01B
:102650000168684601F044FC0948001D016802A8B1
:1026600001F03EFC06480830016804A801F038FC7F
:1026700022460449684600F03AFA08B0014810BD05
:10268000E8F7FF1F6409002070B50646D0F8B8428D
:1026900048780D460A2828D2DFE800F0050505270E
:1026A000170F1F052705286860646868A064EA881A
:1026B00021463046FFF745FF1BE00F4801682160C7
:1026C000416861608068A06005E00B4928220C31F8
:1026D0002046FDF79AFDEA8802E0A06E0422206001
:1026E00021463046FFF747FF03E029463046FFF713
:1026F0001DFF002070BD00007845000810B54A7825
:10270000202A0ED18A88042A02D0052A09D106E09F
:10271000CA880A4B2824282A0BD9224609E04A886D
:102720000AB1002010BD054BCA8828339224922A92
:10273000F3D81946FFF71FFF012010BD8C000020C1
:10274000FFF7DCBFD0F8B8020021016408467047EB
:102750002DE9F04107460226D0F8B84200F0B2FA5F
:1027600014280AD3206D01F084FE050005D0D4E9B9
:10277000150101F0ABFE0026A565384600F0B6F85D
:102780003046BDE8F08110B50446812100F0EFF934
:102790000221204600F0EBF9002010BDF8B5D0F87A
:1027A000B84204F14405687838B10121012848D0C5
:1027B000022818D0072857D102E02068E06453E0CF
:1027C0006988206804EB8101CC6D30B14FF0FF3295
:1027D0002749206801F0B0FB46E0204601F016FAD8
:1027E000014620682AE0688802283DD204EB800078
:1027F000C66D206810B1012806D035E0304601F0E2
:1028000089F90021306819E02079C0F3001084F8BC
:1028100064006068C0F3C01284F86C20154AC305D8
:1028200000D500211170C0F3C00300F00102C0F315
:102830004001304601F074F90121306801F08DFB50
:1028400012E00D484161688802280DD2217B009179
:102850002278217904EB80001144CAB2218A237ABC
:1028600089B2C06D01F0CCFAFF2068700020F8BD7D
:1028700051000020000000200010014020210180B4
:102880000048704758000020D0F8B80290F8640063
:1028900008B10220704701207047000010B5EE29F2
:1028A00005D000211180FFF741FE002010BD12204D
:1028B0001080014810BD0000780000202DE9F04193
:1028C0000F4605461646022470210120FDF7C1FC83
:1028D000002130B1C0E91476C5F8B8020024816542
:1028E00001E0C5F8B8122046BDE8F081D0F8B81272
:1028F00018238A6D022100F02BBA4FF08041D0F8E6
:10290000B802496A81660020704730B50546D0F8A4
:10291000B80289B0182490F8642002B9142490F801
:102920006C0058B122466846FDF76FFCC4F12001E7
:102930000DEB0400FDF782FC694620242246284660
:1029400000F040F809B030BDD0F8B802002804D03B
:10295000022902D200EB8100C265704710B50A78E7
:1029600012F0600207D0202A01D0402A0AD1BDE827
:102970001040FFF789BE49780A2903D10122024994
:10298000FFF7F9FD002010BD5000002070B505468E
:102990000220D5F8B842002C13D020230222812136
:1029A000284600F0CBF9022220231146284600F0E9
:1029B000C5F9206D01F045FDA0652846FFF796FF9B
:1029C000002070BD10B51346D0F8B822146C0CB1BD
:1029D000012010BD012414640A46812100F04BFA45
:1029E000002010BDD0F8B802006C08B1002070477C
:1029F00001207047F8B504460020ADF80000488873
:102A00000D46010A082951D2DFE801F050040917E8
:102A10005050454ED4F8B012207C0A6819E0207C52
:102A200002260028D4F8B40205D0C16A6846884757
:102A30000146467047E0816AF8E7C1B2062921D213
:102A4000DFE801F0030A1014181CD4F8B002426841
:102A500005E06946904725E0D4F8B00282682AB3C1
:102A6000207CF6E7D4F8B002C268F8E7D4F8B002E8
:102A70000269F4E7D4F8B0024269F0E7D4F8B00292
:102A80008269ECE7D4F8B4128B6B7BB1C1B26A46B1
:102A90002046984706E0207C40B9D4F8B402416B48
:102AA0006846884701460EE0207C20B12946204632
:102AB000FFF73CFDF8BDD4F8B402016B68468847C7
:102AC000014607204870BDF8000048B1EA8852B1BD
:102AD000824200D90246ADF800202046FFF74BFDA8
:102AE000E8880028E6D12046FFF752FDF8BD70B512
:102AF000002300281ED00446002502E06D1CEDB224
:102B0000641C2678002EF9D1022404EB45041480BD
:102B10001278CA545B1C0322CA5400245B1C06E0D2
:102B2000CA545B1CDAB28C54521CD3B2401C0278DB
:102B3000002AF5D170BD10B580B1D0F8B43213B110
:102B40000023C0F8B43209B1C0F8B012012180F8F6
:102B50009C12027000F0BAF8002010BD022010BDD7
:102B600010B5D0F8C002FEF762FA002010BD10B513
:102B7000D0F8C002FEF735FA002010BD2DE9F04173
:102B80001746044651B1D4F8B40242691AB194F818
:102B90009C02032851D00220BDE8F081D4F8943281
:102BA000002504F11400022B03D0042B3AD0C3B348
:102BB0003CE0D0E903639E4207D9F11AC1608AB2B2
:102BC00039462046FFF7AAFC12E08068B0FBF3F11B
:102BD00003FB110199B9984211D3D4F89812884295
:102BE0000DD2002211462046FFF798FCC4F89852F7
:102BF00000231A461946204600F0AAF816E0D4F839
:102C0000B402C16829B194F89C02032801D120467E
:102C100088478021204600F017F92046FFF7A0FCE6
:102C200004E0FFE78021204600F00EF994F8A002AE
:102C3000012804D184F8A05201E0204690470020EA
:102C4000AAE770B51546044649B1D4F8B4028269C2
:102C50001AB194F89C02032830D0022070BDD4F839
:102C6000941204F5AA70032902D005291ED027E08A
:102C7000D0E903218A420BD9531AC3600846834224
:102C800000D303469AB229462046FFF73FFC17E0DF
:102C9000D4F8B402016929B194F89C02032801D147
:102CA000204688472046FFF773FC09E000200146D4
:102CB000C4F89402204600F0C7F801E0204690478F
:102CC000002070BDD0F8C002FEF7DFB9124910B580
:102CD000C1F8FC03C0F8C0124FF0A0400860022207
:102CE0000320CA6048600020C1E90502086248620A
:102CF0000846FEF76FFC80210748FEF737F93022BF
:102D000000210548FEF736F9802201210248FEF72E
:102D100031F9002010BD0000640500200A0601F012
:102D20007F01D0F8C002C1EBC10100EB810002D5E8
:102D300090F83E00704790F8FE01704710B51C46B1
:102D40001346D0F8C0022246FEF7A8F9002010BDB5
:102D500010B5D0F8C002FEF7D1F9002010BD70B553
:102D60000022044640231146FFF7E8FF40260125D4
:102D7000C4F864613346002280212046C4F85851CB
:102D8000FFF7DCFF6662A56184F89C520020C4F85E
:102D900094026060C4F8A402D4F8B80228B1D4F850
:102DA000B4020021426820469047002070BD90F890
:102DB0009C12042903D190F89D1280F89C120020E7
:102DC000704710B590F89C12032904D1D0F8B412C2
:102DD000C96901B18847002010BD01740020704707
:102DE00010B5D0F8C002FEF798FC002010BD70B5F9
:102DF000044600F52A70054600F044F80120C4F8A6
:102E00009402B4F8AE02C4F8980294F8A80210F044
:102E10001F010AD001290DD0022910D000F0800135
:102E2000204600F011F8002070BD2946204600F031
:102E300098F8F8E72946204600F0C4F9F3E7294658
:102E4000204600F017F9EEE710B5D0F8C002FEF703
:102E500072F9002010BD10B5D0F8C002FEF79CFC3E
:102E6000002010BD90F89C1280F89D12042180F87B
:102E70009C120020704710B5D0F8C002FEF794F9FC
:102E8000002010BD0A7802704A7842708A78CB78A8
:102E900002EB032242800A794B7902EB0322828003
:102EA0008A79C97902EB0121C1807047024600206E
:102EB00011B1C2F8B41270470220704710B5D0F8B3
:102EC000B42202241AB11268904700B900242046A7
:102ED00010BD000070B50E461E4D8978044629705D
:102EE000012931D894F89C0202280BD003280FD076
:102EF00031462046FFF71AFB29782046BDE870408E
:102F0000FFF7FDBAD9B10320616084F89C0209E0A3
:102F100071B16068884212D0C1B22046FFF7EFFA63
:102F2000297861602046FFF7C9FF02280CD006E02F
:102F3000022084F89C0220466160FFF7E0FA2046F8
:102F4000BDE87040FFF724BB31462046BDE8704025
:102F5000FFF7ECBA9001002010B5FFF77CFF0020CE
:102F600010BD2DE9F0410A784FF0000812F0600220
:102F700008D0202A01D0402A6FD1D0F8B42292681C
:102F800090476CE04B780022012502260A2B64D280
:102F9000DFE803F03F5B6355630805632B28FFF709
:102FA00029FD5CE004468888D0B9C888C0B9488843
:102FB000802815D200F07F0794F89C0203280FD0D8
:102FC00084F89E7239462046FFF70AFF2046FFF735
:102FD000DFFA17B184F89C6241E084F89C523EE02D
:102FE00020463AE0FFF776FF39E0CB88012B34D159
:102FF00090F89C32012B04D0022B02D0032B2CD151
:1030000004E08260012200F1080115E00122011DA7
:1030100012E090F89C32012B03D0022B01D0032B3D
:103020001BD1CB88022B18D1C260D0F8A41201B1F9
:10303000C660022200F10C01FFF79DFA0FE04988FB
:1030400001290CD1C0F8A45211E090F89C32012B58
:1030500008D0022B06D0032B04D0FFF767FA4046B6
:10306000BDE8F08149880129F9D1C0F8A422FFF711
:103070008FFAF4E72DE9F0410A460446107800275C
:10308000097910F060030AD0202B01D0402B50D1D9
:10309000D4F8B40211468368204698478FE0C0F305
:1030A0004110012806D05078D0B301282AD0032837
:1030B0003FD107E0D4F8B402114683682046BDE84A
:1030C000F041184794F89C02022802D0032872D1DC
:1030D0000AE071B380296ED02046FFF7B5FE80214B
:1030E0002046FFF7B1FE6AE0508838B931B1802937
:1030F00004D0D08810B92046FFF7A6FE2046FFF77F
:1031000047FA5CE094F89C020228E2D0032852D1EE
:10311000508898BB4806F1D02046FFF721FDEDE727
:10312000FFE794F89C020026022803D0032842D12E
:1031300012E040E009B180293DD1080601F07F008E
:1031400000EB800004EB800101D5143101E001F5B2
:10315000AA7102220E602AE0080601F00F0000EBBF
:10316000800004EB80000AD5806920B301F07F0065
:1031700000EB800004EB800514350BE01FE0D0F875
:103180005801C0B101F07F0000EB800004EB800526
:1031900005F5AA7541B1802906D02046FFF7BEFD8E
:1031A00010B10120286000E02E600222294620464E
:1031B000FFF7E1F903E011462046FFF7B7F938467B
:1031C000BDE8F08170B5054608780C4610F0600047
:1031D00003D0202801D0402816D195F89C02012860
:1031E00003D0022801D003280ED1207901280BD862
:1031F000D5F8B402826828469047E188014306D199
:103200002846FFF7C5F902E02846FFF78FF90020AE
:1032100070BD000070B50A78012302F00F054E78EA
:10322000AB401B4CD0F81C58012E17D045EA034385
:10323000C0F81C3800EB4210D0F8002B12040BD45D
:10324000D0F8002B0B89C978C3F30A031A4344EA68
:1032500081410A43C0F8002B002070BD9BB21D4382
:10326000C0F81C5800EB4210D0F800391B04F3D40E
:10327000D0F800390D89C978C5F30A0589042B43B4
:1032800041EA82510B432343C0F80039E4E70000D0
:1032900000800010D0F800196FF30A01C0F800197F
:1032A000D0F8041841F48071C0F804180020704769
:1032B00010B5044604990B9801290BD0E06840F042
:1032C0004000E060204600F01FF8A16B41F480311F
:1032D000A16310BDA16B21F48031A163E168094AAB
:1032E0001140E160E16821F44011E160012803D15F
:1032F000E06840F48010E0602046BDE8104000F037
:1033000003B80000BFFFBDFF01220C4902E0521CC0
:103310008A420BD80369002BF9DA026942F00102F4
:103320000261012204E0521C8A4201D90320704745
:103330000369DB07F7D1002070470000400D030050
:1033400030B50B784D78012203F00F0402FA04F433
:10335000012DD0F83C5817D025EA0444C0F83C4869
:10336000D0F81C48097801F00F018A4024EA024194
:10337000C0F81C1800EB4310D0F8001B0E4A114097
:10338000C0F8001B002030BDA4B2A543C0F83C58D3
:10339000D0F81C48097801F00F018A4091B28C43A3
:1033A000C0F81C4800EB4310D0F80019034A114044
:1033B000C0F80019E6E700000078F3EF007833EC7E
:1033C00010B5D0F8041821F00201C0F80418032049
:1033D000FDF7A4FA002010BD10B5D0F8041841F094
:1033E0000201C0F804180320FDF798FA002010BD70
:1033F0002DE9F04700260446DDF83CA0DDF82C90CE
:103400000F463046354600BF04EB8001C1F8045139
:10341000401C0F28F8D3A06B40F400212046A16384
:10342000C4F8005ED4F80018C4F80018D4F80018E6
:1034300041F00301C4F80018102100F043FA00B174
:103440000126204600F02EFA00B10126C4F81058DB
:10345000C4F81458C4F81C5800204FF000634FF013
:1034600090484FF67F3214E004EB4011D1F800C9C8
:10347000BCF1000F06DA10B1C1F8008904E0C4F80D
:10348000003901E0C1F80059C1F81059C1F8082904
:10349000401C8742E8D8002015E000BF04EB401133
:1034A000D1F800CBBCF1000F06DA10B1C1F8008BE7
:1034B00004E0C4F8003B01E0C1F8005BC1F8105B18
:1034C000C1F8082B401C8742E8D8D4F8100820F433
:1034D0008071C4F81018A5616FF080406061A06928
:1034E00040F01000A061A06909490843A061B9F14A
:1034F000000F03D0A06940F00800A061BAF1010FED
:1035000003D1A06903490843A0613046BDE8F087B4
:1035100000383C8004000040816821F00101816096
:103520000020704730B50C784D78384BE2B200EB94
:103530004212012D24D0D2F8100B6FF31200C2F802
:10354000100BD2F8100B1840C2F8100B486908B1E4
:1035500088684861D2F8100B40F40020C2F8100BC4
:10356000D2F8100B8968C1F312010843C2F8100B9E
:10357000D2F8000B40F00440C2F8000B002030BD30
:103580004D69002DD2F8105932D06FF31205C2F8F0
:103590001059D2F810591D40C2F810594D698B6866
:1035A0009D4200D94B61D2F8103943F40023C2F890
:1035B0001039D2F810394D69C5F3120553EA0503E5
:1035C000C2F8103900EB4412D2F8003943F004433A
:1035D000C2F800394A69002AD0D0D0F834280978D6
:1035E00001F00F03012199400A43C0F83428C5E7D0
:1035F0001D40C2F81059D2F8103943F40023C2F824
:103600001039D2F810396FF31203D9E7FFFF07E042
:10361000016C0F4A914203D9D0F8001B002914DB3A
:103620000021C0F8101BD0F8101B41F40021C0F895
:10363000101BD0F8101B41F01801C0F8101BD0F877
:10364000101B41F0C041C0F8101B00207047000063
:103650000A30544F4A780B78012A00EB43100BD004
:10366000D0F8002B22F40012C0F8002BC9780329EF
:1036700014D0022912D017E0D0F8002922F4001249
:10368000C0F80029C978032901D002290CD1D0F84B
:10369000001941F08051C0F8001905E0D0F8001B76
:1036A00041F08051C0F8001B002070470A784B7829
:1036B000D1B200EB4110012B12D0D0F8001B002931
:1036C00006DB2AB1D0F8001B21F08041C0F8001BB6
:1036D000D0F8001B41F40011C0F8001B0020704717
:1036E000D0F80019002906DB2AB1D0F8001921F022
:1036F0008041C0F80019D0F8001941F40011C0F859
:103700000019EBE770B50D784E78624BEAB26FF0B6
:10371000604400EB4212012E27D0D2F8105B6FF309
:103720001205C2F8105BD2F8105B1D40C2F8105BA6
:103730004D69002D73D08B681D446D1EB5FBF3F3EE
:10374000D2F8105B9BB204EAC3442543C2F8105B75
:10375000D2F8104B8D685D43C5F312031C43C2F8C9
:10376000104BC97801296FD08CE04E691EB3D2F896
:1037700010696FF31206C2F81069D2F810691E4082
:10378000C2F810694E698B681E44761EB6FBF3F3CF
:1037900004EAC343D2F810492343C2F81039D2F8DF
:1037A00010394C69C4F312042343C2F81039CB78A2
:1037B000012B10D01BE0D2F810491C40C2F8104970
:1037C000D2F8103943F40023C2F81039D2F8103976
:1037D0006FF3120309E0D2F8103923F0C043C2F8A6
:1037E0001039D2F8103943F00053C2F8103900EB09
:1037F0004512D2F8003943F00443C2F80039CB78BF
:10380000012B0DD04A697AB3D0F83428097801F039
:103810000F03012199400A43C0F8342838E014E02E
:10382000D0F80838DB05D2F8003902D443F0005351
:1038300001E043F08053C2F800398A8A93B20A78D3
:10384000C96800F037F923E00FE0D2F8103B8C682C
:10385000C4F312042343C2F8103BD2F8103B43F4E4
:103860000023C2F8103B7CE712E0D0F80808C0053E
:10387000D2F8000B02D440F0005001E040F080503C
:10388000C2F8000BD2F8000B40F00440C2F8000B65
:10389000002070BDFFFF07E0816841F001018160F9
:1038A00000207047002110220261054A491C914204
:1038B00001D9032070470369DB06F7D40020704765
:1038C000400D03000022202343EA811101610549D4
:1038D000521C8A4201D90320704703699B06F7D422
:1038E00000207047400D0300D0F8080800F00600E3
:1038F000022803D0062801D00F207047022070470D
:10390000406900F001007047D0F81818D0F81C0882
:10391000084080B27047D0F81818D0F81C0808404A
:10392000000C704710B5D0F81038D0F8342801F0EA
:103930000F0400EB4110E24002F00102D0F8080948
:1039400043EAC212104010BD00EB4111D1F8081B30
:10395000D0F81408084070474169806908407047F2
:10396000D21C10B59308002200F5805002E00468D4
:10397000521C10C19A42FAD3084610BD10B5C26855
:1039800022F0C042C260012902D029B1012010BD3D
:10399000C16841F0005102E0C16841F08041C1605E
:1039A0003220FCF7BBFF002010BDD0F8002822F425
:1039B000FE62C0F80028D0F800284FF4FE6303EA46
:1039C00001110A43C0F8002800207047022A2ED1B6
:1039D000264A274B0A449A4201D20F2138E0254A51
:1039E000254B0A449A4201D20E2131E0234A244B4E
:1039F0000A449A4201D20D212AE0224A224B0A446B
:103A00009A4201D20C2123E0204A214B0A449A42D7
:103A100001D20B211CE01F4A1F4B0A449A4201D2DB
:103A20000A2115E01D4A1E4B0A449A4201D209217F
:103A30000EE01C4A1C4B0A449A4201D2082107E0BE
:103A40001A4A11441A4A914201D2072100E0062184
:103A5000C26822F47052C260C2684FF4705303EA25
:103A600081210A43C260002070470000405327FFB5
:103A700000350C00401E1BFF40420F0000DC0BFF16
:103A8000804F1200808CF9FE20D6130060B6E5FE50
:103A900060E3160000D3CEFE40771B00C05BB3FE90
:103AA000C091210000CA91FE20753800E05459FEF3
:103AB000E09C410010B5DB1C9C0800EB02300023A9
:103AC00000F5805002E004C902605B1CA342FAD3F7
:103AD000002010BDFEE70907090E002804DB00F1F5
:103AE000E02080F80014704700F00F0000F1E020A3
:103AF00080F8141D704702E008C8121F08C1002A90
:103B0000FAD170477047002001E001C1121F002A5E
:103B1000FBD170474068016841F0010101607047C6
:103B2000F0B5446803B11023857A1C4E1C4F06EB98
:103B30000546057B43F045036D1E46EA0565C67ADA
:103B4000008907EB06563543401E054311B14FF07F
:103B5000804000E00020054312B14FF0004000E03B
:103B600000200543206840F40040206020680004E5
:103B7000FCD460688007FCD5206840F0010020601C
:103B80006068C007FCD02360E561206820F0010078
:103B900020606068C007FCD1F0BD00000000FFFF9E
:103BA0000000F0FF4068806970470000F0B50546EE
:103BB0008BB000200E461249012417468E42009019
:103BC00001900290039007D1CDE90604049005907E
:103BD00069460C48089407E00E21CDE90604CDE9BA
:103BE0000401694608480894FCF708FDC5E9007619
:103BF000092028810620A872EC722C730BB0F0BD4E
:103C0000006400409C010020C4010020406800685E
:103C100040F30000401C70474068C068800700D037
:103C20000120704710B54FF0FF331360344B5360E1
:103C3000082313720023137353739373D373137492
:103C400053749374D3744C0702D52D4C4034546094
:103C50000C0C94740C0ED4744468E468E40607D524
:103C6000012393724068C36823F01003C36000E02F
:103C70009372880703D5507B40F0300004E0C807FA
:103C800003D0507B40F00C005073C1F3021060B3BE
:103C9000072833D2DFE800F032040C1419212A007F
:103CA000506840F008005060907B40F004001BE03A
:103CB000506840F008005060907B40F0020013E034
:103CC000506840F02000506018E0506840F0080054
:103CD0005060907B40F0100006E0506840F0080013
:103CE0005060907B40F00800907307E0506840F00F
:103CF00008005060D07B40F00800D073012010BD58
:103D00000400002010B54368FFF786FF002832D07A
:103D100003F5D87210684007106804D54FF00044CE
:103D200044EAD00000E0400D48601068800703D5E9
:103D3000486840F080404860506800F00F0008720A
:103D4000906808739068000A48739068000C887344
:103D50009068000EC873D0680874D068000A487470
:103D6000D068000C8874D068000EC874D86840F021
:103D70002000D860012010BD40688268530102D540
:103D800000F5C07008E0130102D500F5C87003E02B
:103D9000D20033D500F5D07078B3026802F001028A
:103DA00002604A68002A03DA042303EBC20200E03F
:103DB000520502604A68520003D5026842F00202CE
:103DC0000260426822F00F02426042680B7A03F000
:103DD0000F031A4342600A7BD1F80D3042EA0322F6
:103DE00082600A7CD1F8111042EA0121C1600168A9
:103DF00041F00101016001207047FFE70020FBE76F
:103E000030B54D1E039CB5F5806F10D27AB1102AE3
:103E10000DD863B1082B0AD84CB1042C07D8C1F3D4
:103E2000090101818272C3720473012030BD002038
:103E300030BD000070B58CB000266846FCF7FEFD72
:103E40009DF81000002580B1FCF7D6FEFCF782FE3D
:103E5000022000908DF810506846FCF701FEFCF738
:103E60006DFEFCF76DFEFCF75FFE1A4807900468D4
:103E7000001D00684440174808300068079544401A
:103E800001200A90FCF7B8FE134D09950BA907A86D
:103E9000FCF756FD18B10A20FCF740FDF6E7224674
:103EA000002329460220FCF767FE18B10A20FCF720
:103EB00035FDF4E7094809900BA907A8FCF740FD78
:103EC00018B10A20FCF72AFDF6E7FCF72DFE0CB02E
:103ED000304670BDE8F7FF1F000001080008010828
:103EE00000F10802002302F8013909E001F00F0394
:103EF0000A2B01D2303300E0373302F801390909C7
:103F00008242F3D2704710B50446FCF77FFF626926
:103F100004F11401824207D24A68824204D200F1BD
:103F20001E022D30C1E900022046BDE8104000F01D
:103F300051B81C21FCF782B910B504464078A07036
:103F400002206070226161600021204600F008F8C4
:103F50002046BDE8104000F03DB8417000F03AB88E
:103F60002DE9F04104464068A16000EB4105184985
:103F700028784FF00102C70720784FF010034FF068
:103F800004060BD020B1012804D0022811D103E08F
:103F90004B610EE04E610CE04A610AE020B101285D
:103FA00004D0022805D103E00B6102E00E6100E0BD
:103FB0000A61FCF72BFF697801EB810100EB4100FE
:103FC000E060687800EB80004000BDE8F081000010
:103FD000001001402DE9F041054640780126284CAB
:103FE00010274FF0040800B301280CD002281CD180
:103FF00021E0022800D12661BDE8F0812761FBE7BE
:10400000C4F81080F8E7FCF701FFA96981420CD2DF
:10401000287828B1012805D00228EDD16661EBE7A8
:104020006761E9E7C4F81480E6E728780028E5D05E
:104030000128E5D0DDE768682C460028DCD0FCF7D5
:10404000E5FEE1680546A942D6D2A1682046491C92
:10405000A160FFF785FF10B12844E060CCE720693C
:1040600000280AD002DDA0F1010020612046BDE851
:10407000F0414FF00001FFF773BF00206060BBE725
:1040800000100140FCF7D0FEFEF75EF9FEF762F883
:10409000FEF7DAF8FEF72EF8FEF744F8BE48FDF713
:1040A000ABFFBE48FFF745FFBC481C30FFF741FFA0
:1040B000BA483830FFF73DFFB8484FF00009B7491C
:1040C00080F800901C304FF0010B80F800B03831C0
:1040D000022008704FF4C877384600F0A3F9B04CBE
:1040E000A060384600F09EF9E060384600F09AF98A
:1040F000206118213846FCF7ACF806465FF0000551
:1041000005EB450006EBC001A06800F0C5F96D1C89
:10411000BD42F5D3A14AA3491C32A2F54070FFF776
:1041200045FD9E4AA0493832A2F54370FFF73EFD97
:1041300099484030FFF7EEFC97485030FFF7EAFC13
:104140009548002299496030FEF7F5FC924898495D
:104150006030FEF7ABFE9048D4E902126030FEF703
:10416000ADFB8D4A0021403202F12000FEF7ECFB4E
:10417000894A0121503202F11000FEF7E5FB864822
:104180006030FEF7E9FEFFF755FE8A4E607010259D
:1041900075611E20FCF7C2FB35616420FCF7BEFB95
:1041A00075611E20FCF7BAFB35616420FCF7B6FB95
:1041B00001217A48FFF7D1FE00273E464FF0804AA2
:1041C000E06800F03EF9050027D0687A10B10128B8
:1041D00003D005E07048403001E06F485030606027
:1041E00029466068FFF7C8FD98B1207840B1C5F84E
:1041F0000090DAF824006861284600F099F903E09D
:104200002946A06800F048F960680068FFF77BFE67
:1042100003E02946E06800F06EF95F486030FEF781
:10422000E1FB70B1206900F00CF9050009D00146EE
:1042300059486030FEF769FB294638B3206900F021
:104240005AF955484030FFF7E7FC38B3A06800F052
:10425000F8F805001ED001464F484030FFF752FDE8
:10426000C0B1DAF8240068614FF0FF30286085F8AB
:10427000099085F80A9085F80B90284600F058F9C7
:10428000454840300068FFF73EFE07E0A06800F0B8
:1042900003F9D6E72946A06800F0FEF83E48503002
:1042A000FFF7BAFC18B3A06800F0CBF805001AD0ED
:1042B000014639485030FFF725FDA0B1DAF8240057
:1042C00068614FF0FF30286085F809B085F80A90E2
:1042D00085F80B90284600F02BF92F4850300068E5
:1042E000FFF711FE03E02946A06800F0D5F82A4840
:1042F0004030FFF757FC0546B84219D0A06800F0DF
:10430000A0F85FEA000813D0DAF824102248C8F8B1
:104310001410424629464030FFF784FC20B1404645
:1043200000F006F92F4603E04146A06800F0B4F81B
:1043300019485030FFF736FC0546B04219D0A06846
:1043400000F07FF85FEA000813D0DAF82410124872
:10435000C8F81410424629465030FFF763FC20B1DC
:10436000404600F0E5F82E4603E04146A06800F024
:1043700093F80A48FFF72EFE08481C30FFF72AFE84
:1043800006483830FFF726FE607800283FF418AF63
:10439000A06800F056F813E7EC010020100500209B
:1043A0000000002000640040006800404801002038
:1043B0001400002000100140F0B50B30154D20F026
:1043C00007010024144A0FE003688B420BD38B4291
:1043D00005D95E1A43184768C3E9006700E04368DF
:1043E000136002C004E0021D10680028ECD12046D2
:1043F000002802D1286808B10020F0BD064A07480D
:104400001060074A121A22F00702C0E900240120B6
:104410002860D7E798010020940100200C0A0020B2
:10442000086A002070B5054610210120FBF711FF36
:10443000044604212846FBF70CFF2560E060204677
:1044400070BD70B5EFF3108172B60022836863B15E
:104450004468C268056852F82420641CB4FBF5F671
:1044600005FB16445B1EC0E9014381F3108810462A
:1044700070BD30B58268002162B14368C1680468CC
:1044800051F823105B1CB3FBF4F504FB1533521EEB
:10449000C0E90132084630BD30B50023EFF3108289
:1044A00072B685680468A5420CD243682B44B3FBFE
:1044B000F4F504FB1533C46844F823108168491CE3
:1044C0000123816082F31088184630BD10B58468DE
:1044D000036800229C420CD242682244B2FBF3F4EF
:1044E00003FB1422C36843F822108168491C01228F
:1044F0008160104610BD30B50023EFF3108272B614
:1045000085680468A5420BD243686BB15B1E4360AB
:104510004468C36843F824108168491C0123816002
:1045200082F31088184630BD641E4460F0E7000036
:1045300070B506460E48FEF7A7F90E4C02280BD0C0
:10454000002531460A48FEF7E0F9314650B12069AE
:10455000FFF7A2FF284670BD31462069FFF79CFF98
:10456000012070BDA068FFF797FF0125F2E700006A
:104570004C0200200000002000000001210000008B
:104580000F000000F30000000051250201000000B0
:1045900010000000010000000800000004000000FE
:1045A0000100000000040000010000000000000005
:1045B00000000000010203040607080904100108B6
:1045C000000000209C010000B00200080C1101084E
:1045D0009C0100206C700000063B000800000000F9
:1045E00000000000000000000000000000000000CB
:1045F00000000000000000000000000000000000BB
:1046000000000000000000000000000000000000AA
:10461000000000000000000000000000000000009A
:10462000000000000000000000000000000000008A
:10463000000000000000000000000000000000007A
:10464000000000000000000000000000000000006A
:10465000000000000000000000000000000000005A
:10466000000000000000000000000000000000004A
:10467000000000000000000000000000000000003A
:10468000000000000000000000000000000000002A
:10469000000000000000000000000000000000001A
:1046A000000000000000000000000000000000000A
:1046B00000000000000000000000000000000000FA
:1046C00000000000000000000000000000000000EA
:1046D00000000000000000000000000000000000DA
:1046E00000000000000000000000000000000000CA
:1046F00000000000000000000000000000000000BA
:1047000000000000000000000000000000000000A9
:104710000000000000000000000000000000000099
:104720000000000000000000000000000000000089
:104730000000000000000000000000000000000079
:104740000000000000000000000000000000000069
:104750000000000000000000000000000000000059
:104760000000000000000000000000000000000049
:104770000000000000000000000000000000000039
:104780000000000000000000000000000000000029
:104790000000000000000000000000000000000019
:1047A0000000000000000000000000000000000009
:1047B00000000000000000000000000000000000F9
:1047C00000000000000000000000000000000000E9
:1047D00000000000000000000000000000000000D9
:1047E00000000000000000000000000000000000C9
:1047F00000000000000000000000000000000000B9
:1048000000000000000000000000000000000000A8
:104810000000000000000000000000000000000098
:104820000000000000000000000000000000000088
:104830000000000000000000000000000000000078
:104840000000000000000000000000000000000068
:104850000000000000000000000000000000000058
:104860000000000000000000000000000000000048
:104870000000000000000000000000000000000038
:104880000000000000000000000000000000000028
:104890000000000000000000000000000000000018
:1048A0000000000000000000000000000000000008
:1048B00000000000000000000000000000000000F8
:1048C00000000000000000000000000000000000E8
:1048D00000000000000000000000000000000000D8
:1048E00000000000000000000000000000000000C8
:1048F00000000000000000000000000000000000B8
:1049000000000000000000000000000000000000A7
:104910000000000000000000000000000000000097
:104920000000000000000000000000000000000087
:104930000000000000000000000000000000000077
:104940000000000000000000000000000000000067
:104950000000000000000000000000000000000057
:104960000000000000000000000000000000000047
:104970000000000000000000000000000000000037
:104980000000000000000000000000000000000027
:104990000000000000000000000000000000000017
:1049A0000000000000000000000000000000000007
:1049B00000000000000000000000000000000000F7
:1049C00000000000000000000000000000000000E7
:1049D00000000000000000000000000000000000D7
:1049E00000000000000000000000000000000000C7
:1049F00000000000000000000000000000000000B7
:104A000000000000000000000000000000000000A6
:104A10000000000000000000000000000000000096
:104A20000000000000000000000000000000000086
:104A30000000000000000000000000000000000076
:104A40000000000000000000000000000000000066
:104A50000000000000000000000000000000000056
:104A60000000000000000000000000000000000046
:104A70000000000000000000000000000000000036
:104A80000000000000000000000000000000000026
:104A90000000000000000000000000000000000016
:104AA0000000000000000000000000000000000006
:104AB00000000000000000000000000000000000F6
:104AC00000000000000000000000000000000000E6
:104AD00000000000000000000000000000000000D6
:104AE00000000000000000000000000000000000C6
:104AF00000000000000000000000000000000000B6
:104B000000000000000000000000000000000000A5
:104B10000000000000000000000000000000000095
:104B20000000000000000000000000000000000085
:104B30000000000000000000000000000000000075
:104B40000000000000000000000000000000000065
:104B50000000000000000000000000000000000055
:104B60000000000000000000000000000000000045
:104B70000000000000000000000000000000000035
:104B80000000000000000000000000000000000025
:104B90000000000000000000000000000000000015
:104BA0000000000000000000000000000000000005
:104BB00000000000000000000000000000000000F5
:104BC00000000000000000000000000000000000E5
:104BD00000000000000000000000000000000000D5
:104BE00000000000000000000000000000000000C5
:104BF00000000000000000000000000000000000B5
:104C000000000000000000000000000000000000A4
:104C10000000000000000000000000000000000094
:104C20000000000000000000000000000000000084
:104C30000000000000000000000000000000000074
:104C40000000000000000000000000000000000064
:104C50000000000000000000000000000000000054
:104C60000000000000000000000000000000000044
:104C70000000000000000000000000000000000034
:104C80000000000000000000000000000000000024
:104C90000000000000000000000000000000000014
:104CA0000000000000000000000000000000000004
:104CB00000000000000000000000000000000000F4
:104CC00000000000000000000000000000000000E4
:104CD00000000000000000000000000000000000D4
:104CE00000000000000000000000000000000000C4
:104CF00000000000000000000000000000000000B4
:104D000000000000000000000000000000000000A3
:104D10000000000000000000000000000000000093
:104D20000000000000000000000000000000000083
:104D30000000000000000000000000000000000073
:104D40000000000000000000000000000000000063
:104D50000000000000000000000000000000000053
:104D60000000000000000000000000000000000043
:104D70000000000000000000000000000000000033
:104D80000000000000000000000000000000000023
:104D90000000000000000000000000000000000013
:104DA0000000000000000000000000000000000003
:104DB00000000000000000000000000000000000F3
:104DC00000000000000000000000000000000000E3
:104DD00000000000000000000000000000000000D3
:104DE00000000000000000000000000000000000C3
:104DF00000000000000000000000000000000000B3
:104E000000000000000000000000000000000000A2
:104E10000000000000000000000000000000000092
:104E20000000000000000000000000000000000082
:104E30000000000000000000000000000000000072
:104E40000000000000000000000000000000000062
:104E50000000000000000000000000000000000052
:104E60000000000000000000000000000000000042
:104E70000000000000000000000000000000000032
:104E80000000000000000000000000000000000022
:104E90000000000000000000000000000000000012
:104EA0000000000000000000000000000000000002
:104EB00000000000000000000000000000000000F2
:104EC00000000000000000000000000000000000E2
:104ED00000000000000000000000000000000000D2
:104EE00000000000000000000000000000000000C2
:104EF00000000000000000000000000000000000B2
:104F000000000000000000000000000000000000A1
:104F10000000000000000000000000000000000091
:104F20000000000000000000000000000000000081
:104F30000000000000000000000000000000000071
:104F40000000000000000000000000000000000061
:104F50000000000000000000000000000000000051
:104F60000000000000000000000000000000000041
:104F70000000000000000000000000000000000031
:104F80000000000000000000000000000000000021
:104F90000000000000000000000000000000000011
:104FA0000000000000000000000000000000000001
:104FB00000000000000000000000000000000000F1
:104FC00000000000000000000000000000000000E1
:104FD00000000000000000000000000000000000D1
:104FE00000000000000000000000000000000000C1
:104FF00000000000000000000000000000000000B1
:1050000000000000000000000000000000000000A0
:105010000000000000000000000000000000000090
:105020000000000000000000000000000000000080
:105030000000000000000000000000000000000070
:105040000000000000000000000000000000000060
:105050000000000000000000000000000000000050
:105060000000000000000000000000000000000040
:105070000000000000000000000000000000000030
:105080000000000000000000000000000000000020
:105090000000000000000000000000000000000010
:1050A0000000000000000000000000000000000000
:1050B00000000000000000000000000000000000F0
:1050C00000000000000000000000000000000000E0
:1050D00000000000000000000000000000000000D0
:1050E00000000000000000000000000000000000C0
:1050F00000000000000000000000000000000000B0
:10510000000000000000000000000000000000009F
:10511000000000000000000000000000000000008F
:10512000000000000000000000000000000000007F
:10513000000000000000000000000000000000006F
:10514000000000000000000000000000000000005F
:10515000000000000000000000000000000000004F
:10516000000000000000000000000000000000003F
:10517000000000000000000000000000000000002F
:10518000000000000000000000000000000000001F
:10519000000000000000000000000000000000000F
:1051A00000000000000000000000000000000000FF
:1051B00000000000000000000000000000000000EF
:1051C00000000000000000000000000000000000DF
:1051D00000000000000000000000000000000000CF
:1051E00000000000000000000000000000000000BF
:1051F00000000000000000000000000000000000AF
:10520000000000000000000000000000000000009E
:10521000000000000000000000000000000000008E
:10522000000000000000000000000000000000007E
:10523000000000000000000000000000000000006E
:10524000000000000000000000000000000000005E
:10525000000000000000000000000000000000004E
:10526000000000000000000000000000000000003E
:10527000000000000000000000000000000000002E
:10528000000000000000000000000000000000001E
:10529000000000000000000000000000000000000E
:1052A00000000000000000000000000000000000FE
:1052B00000000000000000000000000000000000EE
:1052C00000000000000000000000000000000000DE
:1052D00000000000000000000000000000000000CE
:1052E00000000000000000000000000000000000BE
:1052F00000000000000000000000000000000000AE
:10530000000000000000000000000000000000009D
:10531000000000000000000000000000000000008D
:10532000000000000000000000000000000000007D
:10533000000000000000000000000000000000006D
:10534000000000000000000000000000000000005D
:10535000000000000000000000000000000000004D
:10536000000000000000000000000000000000003D
:10537000000000000000000000000000000000002D
:10538000000000000000000000000000000000001D
:10539000000000000000000000000000000000000D
:1053A00000000000000000000000000000000000FD
:1053B00000000000000000000000000000000000ED
:1053C00000000000000000000000000000000000DD
:1053D00000000000000000000000000000000000CD
:1053E00000000000000000000000000000000000BD
:1053F00000000000000000000000000000000000AD
:10540000000000000000000000000000000000009C
:10541000000000000000000000000000000000008C
:10542000000000000000000000000000000000007C
:10543000000000000000000000000000000000006C
:10544000000000000000000000000000000000005C
:10545000000000000000000000000000000000004C
:10546000000000000000000000000000000000003C
:10547000000000000000000000000000000000002C
:10548000000000000000000000000000000000001C
:10549000000000000000000000000000000000000C
:1054A00000000000000000000000000000000000FC
:1054B00000000000000000000000000000000000EC
:1054C00000000000000000000000000000000000DC
:1054D00000000000000000000000000000000000CC
:1054E00000000000000000000000000000000000BC
:1054F00000000000000000000000000000000000AC
:10550000000000000000000000000000000000009B
:10551000000000000000000000000000000000008B
:10552000000000000000000000000000000000007B
:10553000000000000000000000000000000000006B
:10554000000000000000000000000000000000005B
:10555000000000000000000000000000000000004B
:10556000000000000000000000000000000000003B
:10557000000000000000000000000000000000002B
:10558000000000000000000000000000000000001B
:10559000000000000000000000000000000000000B
:1055A00000000000000000000000000000000000FB
:1055B00000000000000000000000000000000000EB
:1055C00000000000000000000000000000000000DB
:1055D00000000000000000000000000000000000CB
:1055E00000000000000000000000000000000000BB
:1055F00000000000000000000000000000000000AB
:10560000000000000000000000000000000000009A
:10561000000000000000000000000000000000008A
:10562000000000000000000000000000000000007A
:10563000000000000000000000000000000000006A
:10564000000000000000000000000000000000005A
:10565000000000000000000000000000000000004A
:10566000000000000000000000000000000000003A
:10567000000000000000000000000000000000002A
:10568000000000000000000000000000000000001A
:10569000000000000000000000000000000000000A
:1056A00000000000000000000000000000000000FA
:1056B00000000000000000000000000000000000EA
:1056C00000000000000000000000000000000000DA
:1056D00000000000000000000000000000000000CA
:1056E00000000000000000000000000000000000BA
:1056F00000000000000000000000000000000000AA
:105700000000000000000000000000000000000099
:105710000000000000000000000000000000000089
:105720000000000000000000000000000000000079
:105730000000000000000000000000000000000069
:105740000000000000000000000000000000000059
:105750000000000000000000000000000000000049
:105760000000000000000000000000000000000039
:105770000000000000000000000000000000000029
:105780000000000000000000000000000000000019
:105790000000000000000000000000000000000009
:1057A00000000000000000000000000000000000F9
:1057B00000000000000000000000000000000000E9
:1057C00000000000000000000000000000000000D9
:1057D00000000000000000000000000000000000C9
:1057E00000000000000000000000000000000000B9
:1057F00000000000000000000000000000000000A9
:105800000000000000000000000000000000000098
:105810000000000000000000000000000000000088
:105820000000000000000000000000000000000078
:105830000000000000000000000000000000000068
:105840000000000000000000000000000000000058
:105850000000000000000000000000000000000048
:105860000000000000000000000000000000000038
:105870000000000000000000000000000000000028
:105880000000000000000000000000000000000018
:105890000000000000000000000000000000000008
:1058A00000000000000000000000000000000000F8
:1058B00000000000000000000000000000000000E8
:1058C00000000000000000000000000000000000D8
:1058D00000000000000000000000000000000000C8
:1058E00000000000000000000000000000000000B8
:1058F00000000000000000000000000000000000A8
:105900000000000000000000000000000000000097
:105910000000000000000000000000000000000087
:105920000000000000000000000000000000000077
:105930000000000000000000000000000000000067
:105940000000000000000000000000000000000057
:105950000000000000000000000000000000000047
:105960000000000000000000000000000000000037
:105970000000000000000000000000000000000027
:105980000000000000000000000000000000000017
:105990000000000000000000000000000000000007
:1059A00000000000000000000000000000000000F7
:1059B00000000000000000000000000000000000E7
:1059C00000000000000000000000000000000000D7
:1059D00000000000000000000000000000000000C7
:1059E00000000000000000000000000000000000B7
:1059F00000000000000000000000000000000000A7
:105A00000000000000000000000000000000000096
:105A10000000000000000000000000000000000086
:105A20000000000000000000000000000000000076
:105A30000000000000000000000000000000000066
:105A40000000000000000000000000000000000056
:105A50000000000000000000000000000000000046
:105A60000000000000000000000000000000000036
:105A70000000000000000000000000000000000026
:105A80000000000000000000000000000000000016
:105A90000000000000000000000000000000000006
:105AA00000000000000000000000000000000000F6
:105AB00000000000000000000000000000000000E6
:105AC00000000000000000000000000000000000D6
:105AD00000000000000000000000000000000000C6
:105AE00000000000000000000000000000000000B6
:105AF00000000000000000000000000000000000A6
:105B00000000000000000000000000000000000095
:105B10000000000000000000000000000000000085
:105B20000000000000000000000000000000000075
:105B30000000000000000000000000000000000065
:105B40000000000000000000000000000000000055
:105B50000000000000000000000000000000000045
:105B60000000000000000000000000000000000035
:105B70000000000000000000000000000000000025
:105B80000000000000000000000000000000000015
:105B90000000000000000000000000000000000005
:105BA00000000000000000000000000000000000F5
:105BB00000000000000000000000000000000000E5
:105BC00000000000000000000000000000000000D5
:105BD00000000000000000000000000000000000C5
:105BE00000000000000000000000000000000000B5
:105BF00000000000000000000000000000000000A5
:105C00000000000000000000000000000000000094
:105C10000000000000000000000000000000000084
:105C20000000000000000000000000000000000074
:105C30000000000000000000000000000000000064
:105C40000000000000000000000000000000000054
:105C50000000000000000000000000000000000044
:105C60000000000000000000000000000000000034
:105C70000000000000000000000000000000000024
:105C80000000000000000000000000000000000014
:105C90000000000000000000000000000000000004
:105CA00000000000000000000000000000000000F4
:105CB00000000000000000000000000000000000E4
:105CC00000000000000000000000000000000000D4
:105CD00000000000000000000000000000000000C4
:105CE00000000000000000000000000000000000B4
:105CF00000000000000000000000000000000000A4
:105D00000000000000000000000000000000000093
:105D10000000000000000000000000000000000083
:105D20000000000000000000000000000000000073
:105D30000000000000000000000000000000000063
:105D40000000000000000000000000000000000053
:105D50000000000000000000000000000000000043
:105D60000000000000000000000000000000000033
:105D70000000000000000000000000000000000023
:105D80000000000000000000000000000000000013
:105D90000000000000000000000000000000000003
:105DA00000000000000000000000000000000000F3
:105DB00000000000000000000000000000000000E3
:105DC00000000000000000000000000000000000D3
:105DD00000000000000000000000000000000000C3
:105DE00000000000000000000000000000000000B3
:105DF00000000000000000000000000000000000A3
:105E00000000000000000000000000000000000092
:105E10000000000000000000000000000000000082
:105E20000000000000000000000000000000000072
:105E30000000000000000000000000000000000062
:105E40000000000000000000000000000000000052
:105E50000000000000000000000000000000000042
:105E60000000000000000000000000000000000032
:105E70000000000000000000000000000000000022
:105E80000000000000000000000000000000000012
:105E90000000000000000000000000000000000002
:105EA00000000000000000000000000000000000F2
:105EB00000000000000000000000000000000000E2
:105EC00000000000000000000000000000000000D2
:105ED00000000000000000000000000000000000C2
:105EE00000000000000000000000000000000000B2
:105EF00000000000000000000000000000000000A2
:105F00000000000000000000000000000000000091
:105F10000000000000000000000000000000000081
:105F20000000000000000000000000000000000071
:105F30000000000000000000000000000000000061
:105F40000000000000000000000000000000000051
:105F50000000000000000000000000000000000041
:105F60000000000000000000000000000000000031
:105F70000000000000000000000000000000000021
:105F80000000000000000000000000000000000011
:105F90000000000000000000000000000000000001
:105FA00000000000000000000000000000000000F1
:105FB00000000000000000000000000000000000E1
:105FC00000000000000000000000000000000000D1
:105FD00000000000000000000000000000000000C1
:105FE00000000000000000000000000000000000B1
:105FF00000000000000000000000000000000000A1
:106000000000000000000000000000000000000090
:106010000000000000000000000000000000000080
:106020000000000000000000000000000000000070
:106030000000000000000000000000000000000060
:106040000000000000000000000000000000000050
:106050000000000000000000000000000000000040
:106060000000000000000000000000000000000030
:106070000000000000000000000000000000000020
:106080000000000000000000000000000000000010
:106090000000000000000000000000000000000000
:1060A00000000000000000000000000000000000F0
:1060B00000000000000000000000000000000000E0
:1060C00000000000000000000000000000000000D0
:1060D00000000000000000000000000000000000C0
:1060E00000000000000000000000000000000000B0
:1060F00000000000000000000000000000000000A0
:10610000000000000000000000000000000000008F
:10611000000000000000000000000000000000007F
:10612000000000000000000000000000000000006F
:10613000000000000000000000000000000000005F
:10614000000000000000000000000000000000004F
:10615000000000000000000000000000000000003F
:10616000000000000000000000000000000000002F
:10617000000000000000000000000000000000001F
:10618000000000000000000000000000000000000F
:1061900000000000000000000000000000000000FF
:1061A00000000000000000000000000000000000EF
:1061B00000000000000000000000000000000000DF
:1061C00000000000000000000000000000000000CF
:1061D00000000000000000000000000000000000BF
:1061E00000000000000000000000000000000000AF
:1061F000000000000000000000000000000000009F
:10620000000000000000000000000000000000008E
:10621000000000000000000000000000000000007E
:10622000000000000000000000000000000000006E
:10623000000000000000000000000000000000005E
:10624000000000000000000000000000000000004E
:10625000000000000000000000000000000000003E
:10626000000000000000000000000000000000002E
:10627000000000000000000000000000000000001E
:10628000000000000000000000000000000000000E
:1062900000000000000000000000000000000000FE
:1062A00000000000000000000000000000000000EE
:1062B00000000000000000000000000000000000DE
:1062C00000000000000000000000000000000000CE
:1062D00000000000000000000000000000000000BE
:1062E00000000000000000000000000000000000AE
:1062F000000000000000000000000000000000009E
:10630000000000000000000000000000000000008D
:10631000000000000000000000000000000000007D
:10632000000000000000000000000000000000006D
:10633000000000000000000000000000000000005D
:10634000000000000000000000000000000000004D
:10635000000000000000000000000000000000003D
:10636000000000000000000000000000000000002D
:10637000000000000000000000000000000000001D
:10638000000000000000000000000000000000000D
:1063900000000000000000000000000000000000FD
:1063A00000000000000000000000000000000000ED
:1063B00000000000000000000000000000000000DD
:1063C00000000000000000000000000000000000CD
:1063D00000000000000000000000000000000000BD
:1063E00000000000000000000000000000000000AD
:1063F000000000000000000000000000000000009D
:10640000000000000000000000000000000000008C
:10641000000000000000000000000000000000007C
:10642000000000000000000000000000000000006C
:10643000000000000000000000000000000000005C
:10644000000000000000000000000000000000004C
:10645000000000000000000000000000000000003C
:10646000000000000000000000000000000000002C
:10647000000000000000000000000000000000001C
:10648000000000000000000000000000000000000C
:1064900000000000000000000000000000000000FC
:1064A00000000000000000000000000000000000EC
:1064B00000000000000000000000000000000000DC
:1064C00000000000000000000000000000000000CC
:1064D00000000000000000000000000000000000BC
:1064E00000000000000000000000000000000000AC
:1064F000000000000000000000000000000000009C
:10650000000000000000000000000000000000008B
:10651000000000000000000000000000000000007B
:10652000000000000000000000000000000000006B
:10653000000000000000000000000000000000005B
:10654000000000000000000000000000000000004B
:10655000000000000000000000000000000000003B
:10656000000000000000000000000000000000002B
:10657000000000000000000000000000000000001B
:10658000000000000000000000000000000000000B
:1065900000000000000000000000000000000000FB
:1065A00000000000000000000000000000000000EB
:1065B00000000000000000000000000000000000DB
:1065C00000000000000000000000000000000000CB
:1065D00000000000000000000000000000000000BB
:1065E00000000000000000000000000000000000AB
:1065F000000000000000000000000000000000009B
:10660000000000000000000000000000000000008A
:10661000000000000000000000000000000000007A
:10662000000000000000000000000000000000006A
:10663000000000000000000000000000000000005A
:10664000000000000000000000000000000000004A
:10665000000000000000000000000000000000003A
:10666000000000000000000000000000000000002A
:10667000000000000000000000000000000000001A
:10668000000000000000000000000000000000000A
:1066900000000000000000000000000000000000FA
:1066A00000000000000000000000000000000000EA
:1066B00000000000000000000000000000000000DA
:1066C00000000000000000000000000000000000CA
:1066D00000000000000000000000000000000000BA
:1066E00000000000000000000000000000000000AA
:1066F000000000000000000000000000000000009A
:106700000000000000000000000000000000000089
:106710000000000000000000000000000000000079
:106720000000000000000000000000000000000069
:106730000000000000000000000000000000000059
:106740000000000000000000000000000000000049
:106750000000000000000000000000000000000039
:106760000000000000000000000000000000000029
:106770000000000000000000000000000000000019
:106780000000000000000000000000000000000009
:1067900000000000000000000000000000000000F9
:1067A00000000000000000000000000000000000E9
:1067B00000000000000000000000000000000000D9
:1067C00000000000000000000000000000000000C9
:1067D00000000000000000000000000000000000B9
:1067E00000000000000000000000000000000000A9
:1067F0000000000000000000000000000000000099
:106800000000000000000000000000000000000088
:106810000000000000000000000000000000000078
:106820000000000000000000000000000000000068
:106830000000000000000000000000000000000058
:106840000000000000000000000000000000000048
:106850000000000000000000000000000000000038
:106860000000000000000000000000000000000028
:106870000000000000000000000000000000000018
:106880000000000000000000000000000000000008
:1068900000000000000000000000000000000000F8
:1068A00000000000000000000000000000000000E8
:1068B00000000000000000000000000000000000D8
:1068C00000000000000000000000000000000000C8
:1068D00000000000000000000000000000000000B8
:1068E00000000000000000000000000000000000A8
:1068F0000000000000000000000000000000000098
:106900000000000000000000000000000000000087
:106910000000000000000000000000000000000077
:106920000000000000000000000000000000000067
:106930000000000000000000000000000000000057
:106940000000000000000000000000000000000047
:106950000000000000000000000000000000000037
:106960000000000000000000000000000000000027
:106970000000000000000000000000000000000017
:106980000000000000000000000000000000000007
:1069900000000000000000000000000000000000F7
:1069A00000000000000000000000000000000000E7
:1069B00000000000000000000000000000000000D7
:1069C00000000000000000000000000000000000C7
:1069D00000000000000000000000000000000000B7
:1069E00000000000000000000000000000000000A7
:1069F0000000000000000000000000000000000097
:106A00000000000000000000000000000000000086
:106A10000000000000000000000000000000000076
:106A20000000000000000000000000000000000066
:106A30000000000000000000000000000000000056
:106A40000000000000000000000000000000000046
:106A50000000000000000000000000000000000036
:106A60000000000000000000000000000000000026
:106A70000000000000000000000000000000000016
:106A80000000000000000000000000000000000006
:106A900000000000000000000000000000000000F6
:106AA00000000000000000000000000000000000E6
:106AB00000000000000000000000000000000000D6
:106AC00000000000000000000000000000000000C6
:106AD00000000000000000000000000000000000B6
:106AE00000000000000000000000000000000000A6
:106AF0000000000000000000000000000000000096
:106B00000000000000000000000000000000000085
:106B10000000000000000000000000000000000075
:106B20000000000000000000000000000000000065
:106B30000000000000000000000000000000000055
:106B40000000000000000000000000000000000045
:106B50000000000000000000000000000000000035
:106B60000000000000000000000000000000000025
:106B70000000000000000000000000000000000015
:106B80000000000000000000000000000000000005
:106B900000000000000000000000000000000000F5
:106BA00000000000000000000000000000000000E5
:106BB00000000000000000000000000000000000D5
:106BC00000000000000000000000000000000000C5
:106BD00000000000000000000000000000000000B5
:106BE00000000000000000000000000000000000A5
:106BF0000000000000000000000000000000000095
:106C00000000000000000000000000000000000084
:106C10000000000000000000000000000000000074
:106C20000000000000000000000000000000000064
:106C30000000000000000000000000000000000054
:106C40000000000000000000000000000000000044
:106C50000000000000000000000000000000000034
:106C60000000000000000000000000000000000024
:106C70000000000000000000000000000000000014
:106C80000000000000000000000000000000000004
:106C900000000000000000000000000000000000F4
:106CA00000000000000000000000000000000000E4
:106CB00000000000000000000000000000000000D4
:106CC00000000000000000000000000000000000C4
:106CD00000000000000000000000000000000000B4
:106CE00000000000000000000000000000000000A4
:106CF0000000000000000000000000000000000094
:106D00000000000000000000000000000000000083
:106D10000000000000000000000000000000000073
:106D20000000000000000000000000000000000063
:106D30000000000000000000000000000000000053
:106D40000000000000000000000000000000000043
:106D50000000000000000000000000000000000033
:106D60000000000000000000000000000000000023
:106D70000000000000000000000000000000000013
:106D80000000000000000000000000000000000003
:106D900000000000000000000000000000000000F3
:106DA00000000000000000000000000000000000E3
:106DB00000000000000000000000000000000000D3
:106DC00000000000000000000000000000000000C3
:106DD00000000000000000000000000000000000B3
:106DE00000000000000000000000000000000000A3
:106DF0000000000000000000000000000000000093
:106E00000000000000000000000000000000000082
:106E10000000000000000000000000000000000072
:106E20000000000000000000000000000000000062
:106E30000000000000000000000000000000000052
:106E40000000000000000000000000000000000042
:106E50000000000000000000000000000000000032
:106E60000000000000000000000000000000000022
:106E70000000000000000000000000000000000012
:106E80000000000000000000000000000000000002
:106E900000000000000000000000000000000000F2
:106EA00000000000000000000000000000000000E2
:106EB00000000000000000000000000000000000D2
:106EC00000000000000000000000000000000000C2
:106ED00000000000000000000000000000000000B2
:106EE00000000000000000000000000000000000A2
:106EF0000000000000000000000000000000000092
:106F00000000000000000000000000000000000081
:106F10000000000000000000000000000000000071
:106F20000000000000000000000000000000000061
:106F30000000000000000000000000000000000051
:106F40000000000000000000000000000000000041
:106F50000000000000000000000000000000000031
:106F60000000000000000000000000000000000021
:106F70000000000000000000000000000000000011
:106F80000000000000000000000000000000000001
:106F900000000000000000000000000000000000F1
:106FA00000000000000000000000000000000000E1
:106FB00000000000000000000000000000000000D1
:106FC00000000000000000000000000000000000C1
:106FD00000000000000000000000000000000000B1
:106FE00000000000000000000000000000000000A1
:106FF0000000000000000000000000000000000091
:107000000000000000000000000000000000000080
:107010000000000000000000000000000000000070
:107020000000000000000000000000000000000060
:107030000000000000000000000000000000000050
:107040000000000000000000000000000000000040
:107050000000000000000000000000000000000030
:107060000000000000000000000000000000000020
:107070000000000000000000000000000000000010
:107080000000000000000000000000000000000000
:1070900000000000000000000000000000000000F0
:1070A00000000000000000000000000000000000E0
:1070B00000000000000000000000000000000000D0
:1070C00000000000000000000000000000000000C0
:1070D00000000000000000000000000000000000B0
:1070E00000000000000000000000000000000000A0
:1070F0000000000000000000000000000000000090
:10710000000000000000000000000000000000007F
:10711000000000000000000000000000000000006F
:10712000000000000000000000000000000000005F
:10713000000000000000000000000000000000004F
:10714000000000000000000000000000000000003F
:10715000000000000000000000000000000000002F
:10716000000000000000000000000000000000001F
:10717000000000000000000000000000000000000F
:1071800000000000000000000000000000000000FF
:1071900000000000000000000000000000000000EF
:1071A00000000000000000000000000000000000DF
:1071B00000000000000000000000000000000000CF
:1071C00000000000000000000000000000000000BF
:1071D00000000000000000000000000000000000AF
:1071E000000000000000000000000000000000009F
:1071F000000000000000000000000000000000008F
:10720000000000000000000000000000000000007E
:10721000000000000000000000000000000000006E
:10722000000000000000000000000000000000005E
:10723000000000000000000000000000000000004E
:10724000000000000000000000000000000000003E
:10725000000000000000000000000000000000002E
:10726000000000000000000000000000000000001E
:10727000000000000000000000000000000000000E
:1072800000000000000000000000000000000000FE
:1072900000000000000000000000000000000000EE
:1072A00000000000000000000000000000000000DE
:1072B00000000000000000000000000000000000CE
:1072C00000000000000000000000000000000000BE
:1072D00000000000000000000000000000000000AE
:1072E000000000000000000000000000000000009E
:1072F000000000000000000000000000000000008E
:10730000000000000000000000000000000000007D
:10731000000000000000000000000000000000006D
:10732000000000000000000000000000000000005D
:10733000000000000000000000000000000000004D
:10734000000000000000000000000000000000003D
:10735000000000000000000000000000000000002D
:10736000000000000000000000000000000000001D
:10737000000000000000000000000000000000000D
:1073800000000000000000000000000000000000FD
:1073900000000000000000000000000000000000ED
:1073A00000000000000000000000000000000000DD
:1073B00000000000000000000000000000000000CD
:1073C00000000000000000000000000000000000BD
:1073D00000000000000000000000000000000000AD
:1073E000000000000000000000000000000000009D
:1073F000000000000000000000000000000000008D
:10740000000000000000000000000000000000007C
:10741000000000000000000000000000000000006C
:10742000000000000000000000000000000000005C
:10743000000000000000000000000000000000004C
:10744000000000000000000000000000000000003C
:10745000000000000000000000000000000000002C
:10746000000000000000000000000000000000001C
:10747000000000000000000000000000000000000C
:1074800000000000000000000000000000000000FC
:1074900000000000000000000000000000000000EC
:1074A00000000000000000000000000000000000DC
:1074B00000000000000000000000000000000000CC
:1074C00000000000000000000000000000000000BC
:1074D00000000000000000000000000000000000AC
:1074E000000000000000000000000000000000009C
:1074F000000000000000000000000000000000008C
:10750000000000000000000000000000000000007B
:10751000000000000000000000000000000000006B
:10752000000000000000000000000000000000005B
:10753000000000000000000000000000000000004B
:10754000000000000000000000000000000000003B
:10755000000000000000000000000000000000002B
:10756000000000000000000000000000000000001B
:10757000000000000000000000000000000000000B
:1075800000000000000000000000000000000000FB
:1075900000000000000000000000000000000000EB
:1075A00000000000000000000000000000000000DB
:1075B00000000000000000000000000000000000CB
:1075C00000000000000000000000000000000000BB
:1075D00000000000000000000000000000000000AB
:1075E000000000000000000000000000000000009B
:1075F000000000000000000000000000000000008B
:10760000000000000000000000000000000000007A
:10761000000000000000000000000000000000006A
:10762000000000000000000000000000000000005A
:10763000000000000000000000000000000000004A
:10764000000000000000000000000000000000003A
:10765000000000000000000000000000000000002A
:10766000000000000000000000000000000000001A
:10767000000000000000000000000000000000000A
:1076800000000000000000000000000000000000FA
:1076900000000000000000000000000000000000EA
:1076A00000000000000000000000000000000000DA
:1076B00000000000000000000000000000000000CA
:1076C00000000000000000000000000000000000BA
:1076D00000000000000000000000000000000000AA
:1076E000000000000000000000000000000000009A
:1076F000000000000000000000000000000000008A
:107700000000000000000000000000000000000079
:107710000000000000000000000000000000000069
:107720000000000000000000000000000000000059
:107730000000000000000000000000000000000049
:107740000000000000000000000000000000000039
:107750000000000000000000000000000000000029
:107760000000000000000000000000000000000019
:107770000000000000000000000000000000000009
:1077800000000000000000000000000000000000F9
:1077900000000000000000000000000000000000E9
:1077A00000000000000000000000000000000000D9
:1077B00000000000000000000000000000000000C9
:1077C00000000000000000000000000000000000B9
:1077D00000000000000000000000000000000000A9
:1077E0000000000000000000000000000000000099
:1077F0000000000000000000000000000000000089
:107800000000000000000000000000000000000078
:107810000000000000000000000000000000000068
:107820000000000000000000000000000000000058
:107830000000000000000000000000000000000048
:107840000000000000000000000000000000000038
:107850000000000000000000000000000000000028
:107860000000000000000000000000000000000018
:107870000000000000000000000000000000000008
:1078800000000000000000000000000000000000F8
:1078900000000000000000000000000000000000E8
:1078A00000000000000000000000000000000000D8
:1078B00000000000000000000000000000000000C8
:1078C00000000000000000000000000000000000B8
:1078D00000000000000000000000000000000000A8
:1078E0000000000000000000000000000000000098
:1078F0000000000000000000000000000000000088
:107900000000000000000000000000000000000077
:107910000000000000000000000000000000000067
:107920000000000000000000000000000000000057
:107930000000000000000000000000000000000047
:107940000000000000000000000000000000000037
:107950000000000000000000000000000000000027
:107960000000000000000000000000000000000017
:107970000000000000000000000000000000000007
:1079800000000000000000000000000000000000F7
:1079900000000000000000000000000000000000E7
:1079A00000000000000000000000000000000000D7
:1079B00000000000000000000000000000000000C7
:1079C00000000000000000000000000000000000B7
:1079D00000000000000000000000000000000000A7
:1079E0000000000000000000000000000000000097
:1079F0000000000000000000000000000000000087
:107A00000000000000000000000000000000000076
:107A10000000000000000000000000000000000066
:107A20000000000000000000000000000000000056
:107A30000000000000000000000000000000000046
:107A40000000000000000000000000000000000036
:107A50000000000000000000000000000000000026
:107A60000000000000000000000000000000000016
:107A70000000000000000000000000000000000006
:107A800000000000000000000000000000000000F6
:107A900000000000000000000000000000000000E6
:107AA00000000000000000000000000000000000D6
:107AB00000000000000000000000000000000000C6
:107AC00000000000000000000000000000000000B6
:107AD00000000000000000000000000000000000A6
:107AE0000000000000000000000000000000000096
:107AF0000000000000000000000000000000000086
:107B00000000000000000000000000000000000075
:107B10000000000000000000000000000000000065
:107B20000000000000000000000000000000000055
:107B30000000000000000000000000000000000045
:107B40000000000000000000000000000000000035
:107B50000000000000000000000000000000000025
:107B60000000000000000000000000000000000015
:107B70000000000000000000000000000000000005
:107B800000000000000000000000000000000000F5
:107B900000000000000000000000000000000000E5
:107BA00000000000000000000000000000000000D5
:107BB00000000000000000000000000000000000C5
:107BC00000000000000000000000000000000000B5
:107BD00000000000000000000000000000000000A5
:107BE0000000000000000000000000000000000095
:107BF0000000000000000000000000000000000085
:107C00000000000000000000000000000000000074
:107C10000000000000000000000000000000000064
:107C20000000000000000000000000000000000054
:107C30000000000000000000000000000000000044
:107C40000000000000000000000000000000000034
:107C50000000000000000000000000000000000024
:107C60000000000000000000000000000000000014
:107C70000000000000000000000000000000000004
:107C800000000000000000000000000000000000F4
:107C900000000000000000000000000000000000E4
:107CA00000000000000000000000000000000000D4
:107CB00000000000000000000000000000000000C4
:107CC00000000000000000000000000000000000B4
:107CD00000000000000000000000000000000000A4
:107CE0000000000000000000000000000000000094
:107CF0000000000000000000000000000000000084
:107D00000000000000000000000000000000000073
:107D10000000000000000000000000000000000063
:107D20000000000000000000000000000000000053
:107D30000000000000000000000000000000000043
:107D40000000000000000000000000000000000033
:107D50000000000000000000000000000000000023
:107D60000000000000000000000000000000000013
:107D70000000000000000000000000000000000003
:107D800000000000000000000000000000000000F3
:107D900000000000000000000000000000000000E3
:107DA00000000000000000000000000000000000D3
:107DB00000000000000000000000000000000000C3
:107DC00000000000000000000000000000000000B3
:107DD00000000000000000000000000000000000A3
:107DE0000000000000000000000000000000000093
:107DF0000000000000000000000000000000000083
:107E00000000000000000000000000000000000072
:107E10000000000000000000000000000000000062
:107E20000000000000000000000000000000000052
:107E30000000000000000000000000000000000042
:107E40000000000000000000000000000000000032
:107E50000000000000000000000000000000000022
:107E60000000000000000000000000000000000012
:107E70000000000000000000000000000000000002
:107E800000000000000000000000000000000000F2
:107E900000000000000000000000000000000000E2
:107EA00000000000000000000000000000000000D2
:107EB00000000000000000000000000000000000C2
:107EC00000000000000000000000000000000000B2
:107ED00000000000000000000000000000000000A2
:107EE0000000000000000000000000000000000092
:107EF0000000000000000000000000000000000082
:107F00000000000000000000000000000000000071
:107F10000000000000000000000000000000000061
:107F20000000000000000000000000000000000051
:107F30000000000000000000000000000000000041
:107F40000000000000000000000000000000000031
:107F50000000000000000000000000000000000021
:107F60000000000000000000000000000000000011
:107F70000000000000000000000000000000000001
:107F800000000000000000000000000000000000F1
:107F900000000000000000000000000000000000E1
:107FA00000000000000000000000000000000000D1
:107FB00000000000000000000000000000000000C1
:107FC00000000000000000000000000000000000B1
:107FD00000000000000000000000000000000000A1
:107FE0000000000000000000000000000000000091
:107FF0000000000000000000000000000000000081
:108000000000000000000000000000000000000070
:108010000000000000000000000000000000000060
:108020000000000000000000000000000000000050
:108030000000000000000000000000000000000040
:108040000000000000000000000000000000000030
:108050000000000000000000000000000000000020
:108060000000000000000000000000000000000010
:108070000000000000000000000000000000000000
:1080800000000000000000000000000000000000F0
:1080900000000000000000000000000000000000E0
:1080A00000000000000000000000000000000000D0
:1080B00000000000000000000000000000000000C0
:1080C00000000000000000000000000000000000B0
:1080D00000000000000000000000000000000000A0
:1080E0000000000000000000000000000000000090
:1080F0000000000000000000000000000000000080
:10810000000000000000000000000000000000006F
:10811000000000000000000000000000000000005F
:10812000000000000000000000000000000000004F
:10813000000000000000000000000000000000003F
:10814000000000000000000000000000000000002F
:10815000000000000000000000000000000000001F
:10816000000000000000000000000000000000000F
:1081700000000000000000000000000000000000FF
:1081800000000000000000000000000000000000EF
:1081900000000000000000000000000000000000DF
:1081A00000000000000000000000000000000000CF
:1081B00000000000000000000000000000000000BF
:1081C00000000000000000000000000000000000AF
:1081D000000000000000000000000000000000009F
:1081E000000000000000000000000000000000008F
:1081F000000000000000000000000000000000007F
:10820000000000000000000000000000000000006E
:10821000000000000000000000000000000000005E
:10822000000000000000000000000000000000004E
:10823000000000000000000000000000000000003E
:10824000000000000000000000000000000000002E
:10825000000000000000000000000000000000001E
:10826000000000000000000000000000000000000E
:1082700000000000000000000000000000000000FE
:1082800000000000000000000000000000000000EE
:1082900000000000000000000000000000000000DE
:1082A00000000000000000000000000000000000CE
:1082B00000000000000000000000000000000000BE
:1082C00000000000000000000000000000000000AE
:1082D000000000000000000000000000000000009E
:1082E000000000000000000000000000000000008E
:1082F000000000000000000000000000000000007E
:10830000000000000000000000000000000000006D
:10831000000000000000000000000000000000005D
:10832000000000000000000000000000000000004D
:10833000000000000000000000000000000000003D
:10834000000000000000000000000000000000002D
:10835000000000000000000000000000000000001D
:10836000000000000000000000000000000000000D
:1083700000000000000000000000000000000000FD
:1083800000000000000000000000000000000000ED
:1083900000000000000000000000000000000000DD
:1083A00000000000000000000000000000000000CD
:1083B00000000000000000000000000000000000BD
:1083C00000000000000000000000000000000000AD
:1083D000000000000000000000000000000000009D
:1083E000000000000000000000000000000000008D
:1083F000000000000000000000000000000000007D
:10840000000000000000000000000000000000006C
:10841000000000000000000000000000000000005C
:10842000000000000000000000000000000000004C
:10843000000000000000000000000000000000003C
:10844000000000000000000000000000000000002C
:10845000000000000000000000000000000000001C
:10846000000000000000000000000000000000000C
:1084700000000000000000000000000000000000FC
:1084800000000000000000000000000000000000EC
:1084900000000000000000000000000000000000DC
:1084A00000000000000000000000000000000000CC
:1084B00000000000000000000000000000000000BC
:1084C00000000000000000000000000000000000AC
:1084D000000000000000000000000000000000009C
:1084E000000000000000000000000000000000008C
:1084F000000000000000000000000000000000007C
:10850000000000000000000000000000000000006B
:10851000000000000000000000000000000000005B
:10852000000000000000000000000000000000004B
:10853000000000000000000000000000000000003B
:10854000000000000000000000000000000000002B
:10855000000000000000000000000000000000001B
:10856000000000000000000000000000000000000B
:1085700000000000000000000000000000000000FB
:1085800000000000000000000000000000000000EB
:1085900000000000000000000000000000000000DB
:1085A00000000000000000000000000000000000CB
:1085B00000000000000000000000000000000000BB
:1085C00000000000000000000000000000000000AB
:1085D000000000000000000000000000000000009B
:1085E000000000000000000000000000000000008B
:1085F000000000000000000000000000000000007B
:10860000000000000000000000000000000000006A
:10861000000000000000000000000000000000005A
:10862000000000000000000000000000000000004A
:10863000000000000000000000000000000000003A
:10864000000000000000000000000000000000002A
:10865000000000000000000000000000000000001A
:10866000000000000000000000000000000000000A
:1086700000000000000000000000000000000000FA
:1086800000000000000000000000000000000000EA
:1086900000000000000000000000000000000000DA
:1086A00000000000000000000000000000000000CA
:1086B00000000000000000000000000000000000BA
:1086C00000000000000000000000000000000000AA
:1086D000000000000000000000000000000000009A
:1086E000000000000000000000000000000000008A
:1086F000000000000000000000000000000000007A
:108700000000000000000000000000000000000069
:108710000000000000000000000000000000000059
:108720000000000000000000000000000000000049
:108730000000000000000000000000000000000039
:108740000000000000000000000000000000000029
:108750000000000000000000000000000000000019
:108760000000000000000000000000000000000009
:1087700000000000000000000000000000000000F9
:1087800000000000000000000000000000000000E9
:1087900000000000000000000000000000000000D9
:1087A00000000000000000000000000000000000C9
:1087B00000000000000000000000000000000000B9
:1087C00000000000000000000000000000000000A9
:1087D0000000000000000000000000000000000099
:1087E0000000000000000000000000000000000089
:1087F0000000000000000000000000000000000079
:108800000000000000000000000000000000000068
:108810000000000000000000000000000000000058
:108820000000000000000000000000000000000048
:108830000000000000000000000000000000000038
:108840000000000000000000000000000000000028
:108850000000000000000000000000000000000018
:108860000000000000000000000000000000000008
:1088700000000000000000000000000000000000F8
:1088800000000000000000000000000000000000E8
:1088900000000000000000000000000000000000D8
:1088A00000000000000000000000000000000000C8
:1088B00000000000000000000000000000000000B8
:1088C00000000000000000000000000000000000A8
:1088D0000000000000000000000000000000000098
:1088E0000000000000000000000000000000000088
:1088F0000000000000000000000000000000000078
:108900000000000000000000000000000000000067
:108910000000000000000000000000000000000057
:108920000000000000000000000000000000000047
:108930000000000000000000000000000000000037
:108940000000000000000000000000000000000027
:108950000000000000000000000000000000000017
:108960000000000000000000000000000000000007
:1089700000000000000000000000000000000000F7
:1089800000000000000000000000000000000000E7
:1089900000000000000000000000000000000000D7
:1089A00000000000000000000000000000000000C7
:1089B00000000000000000000000000000000000B7
:1089C00000000000000000000000000000000000A7
:1089D0000000000000000000000000000000000097
:1089E0000000000000000000000000000000000087
:1089F0000000000000000000000000000000000077
:108A00000000000000000000000000000000000066
:108A10000000000000000000000000000000000056
:108A20000000000000000000000000000000000046
:108A30000000000000000000000000000000000036
:108A40000000000000000000000000000000000026
:108A50000000000000000000000000000000000016
:108A60000000000000000000000000000000000006
:108A700000000000000000000000000000000000F6
:108A800000000000000000000000000000000000E6
:108A900000000000000000000000000000000000D6
:108AA00000000000000000000000000000000000C6
:108AB00000000000000000000000000000000000B6
:108AC00000000000000000000000000000000000A6
:108AD0000000000000000000000000000000000096
:108AE0000000000000000000000000000000000086
:108AF0000000000000000000000000000000000076
:108B00000000000000000000000000000000000065
:108B10000000000000000000000000000000000055
:108B20000000000000000000000000000000000045
:108B30000000000000000000000000000000000035
:108B40000000000000000000000000000000000025
:108B50000000000000000000000000000000000015
:108B60000000000000000000000000000000000005
:108B700000000000000000000000000000000000F5
:108B800000000000000000000000000000000000E5
:108B900000000000000000000000000000000000D5
:108BA00000000000000000000000000000000000C5
:108BB00000000000000000000000000000000000B5
:108BC00000000000000000000000000000000000A5
:108BD0000000000000000000000000000000000095
:108BE0000000000000000000000000000000000085
:108BF0000000000000000000000000000000000075
:108C00000000000000000000000000000000000064
:108C10000000000000000000000000000000000054
:108C20000000000000000000000000000000000044
:108C30000000000000000000000000000000000034
:108C40000000000000000000000000000000000024
:108C50000000000000000000000000000000000014
:108C60000000000000000000000000000000000004
:108C700000000000000000000000000000000000F4
:108C800000000000000000000000000000000000E4
:108C900000000000000000000000000000000000D4
:108CA00000000000000000000000000000000000C4
:108CB00000000000000000000000000000000000B4
:108CC00000000000000000000000000000000000A4
:108CD0000000000000000000000000000000000094
:108CE0000000000000000000000000000000000084
:108CF0000000000000000000000000000000000074
:108D00000000000000000000000000000000000063
:108D10000000000000000000000000000000000053
:108D20000000000000000000000000000000000043
:108D30000000000000000000000000000000000033
:108D40000000000000000000000000000000000023
:108D50000000000000000000000000000000000013
:108D60000000000000000000000000000000000003
:108D700000000000000000000000000000000000F3
:108D800000000000000000000000000000000000E3
:108D900000000000000000000000000000000000D3
:108DA00000000000000000000000000000000000C3
:108DB00000000000000000000000000000000000B3
:108DC00000000000000000000000000000000000A3
:108DD0000000000000000000000000000000000093
:108DE0000000000000000000000000000000000083
:108DF0000000000000000000000000000000000073
:108E00000000000000000000000000000000000062
:108E10000000000000000000000000000000000052
:108E20000000000000000000000000000000000042
:108E30000000000000000000000000000000000032
:108E40000000000000000000000000000000000022
:108E50000000000000000000000000000000000012
:108E60000000000000000000000000000000000002
:108E700000000000000000000000000000000000F2
:108E800000000000000000000000000000000000E2
:108E900000000000000000000000000000000000D2
:108EA00000000000000000000000000000000000C2
:108EB00000000000000000000000000000000000B2
:108EC00000000000000000000000000000000000A2
:108ED0000000000000000000000000000000000092
:108EE0000000000000000000000000000000000082
:108EF0000000000000000000000000000000000072
:108F00000000000000000000000000000000000061
:108F10000000000000000000000000000000000051
:108F20000000000000000000000000000000000041
:108F30000000000000000000000000000000000031
:108F40000000000000000000000000000000000021
:108F50000000000000000000000000000000000011
:108F60000000000000000000000000000000000001
:108F700000000000000000000000000000000000F1
:108F800000000000000000000000000000000000E1
:108F900000000000000000000000000000000000D1
:108FA00000000000000000000000000000000000C1
:108FB00000000000000000000000000000000000B1
:108FC00000000000000000000000000000000000A1
:108FD0000000000000000000000000000000000091
:108FE0000000000000000000000000000000000081
:108FF0000000000000000000000000000000000071
:109000000000000000000000000000000000000060
:109010000000000000000000000000000000000050
:109020000000000000000000000000000000000040
:109030000000000000000000000000000000000030
:109040000000000000000000000000000000000020
:109050000000000000000000000000000000000010
:109060000000000000000000000000000000000000
:1090700000000000000000000000000000000000F0
:1090800000000000000000000000000000000000E0
:1090900000000000000000000000000000000000D0
:1090A00000000000000000000000000000000000C0
:1090B00000000000000000000000000000000000B0
:1090C00000000000000000000000000000000000A0
:1090D0000000000000000000000000000000000090
:1090E0000000000000000000000000000000000080
:1090F0000000000000000000000000000000000070
:10910000000000000000000000000000000000005F
:10911000000000000000000000000000000000004F
:10912000000000000000000000000000000000003F
:10913000000000000000000000000000000000002F
:10914000000000000000000000000000000000001F
:10915000000000000000000000000000000000000F
:1091600000000000000000000000000000000000FF
:1091700000000000000000000000000000000000EF
:1091800000000000000000000000000000000000DF
:1091900000000000000000000000000000000000CF
:1091A00000000000000000000000000000000000BF
:1091B00000000000000000000000000000000000AF
:1091C000000000000000000000000000000000009F
:1091D000000000000000000000000000000000008F
:1091E000000000000000000000000000000000007F
:1091F000000000000000000000000000000000006F
:10920000000000000000000000000000000000005E
:10921000000000000000000000000000000000004E
:10922000000000000000000000000000000000003E
:10923000000000000000000000000000000000002E
:10924000000000000000000000000000000000001E
:10925000000000000000000000000000000000000E
:1092600000000000000000000000000000000000FE
:1092700000000000000000000000000000000000EE
:1092800000000000000000000000000000000000DE
:1092900000000000000000000000000000000000CE
:1092A00000000000000000000000000000000000BE
:1092B00000000000000000000000000000000000AE
:1092C000000000000000000000000000000000009E
:1092D000000000000000000000000000000000008E
:1092E000000000000000000000000000000000007E
:1092F000000000000000000000000000000000006E
:10930000000000000000000000000000000000005D
:10931000000000000000000000000000000000004D
:10932000000000000000000000000000000000003D
:10933000000000000000000000000000000000002D
:10934000000000000000000000000000000000001D
:10935000000000000000000000000000000000000D
:1093600000000000000000000000000000000000FD
:1093700000000000000000000000000000000000ED
:1093800000000000000000000000000000000000DD
:1093900000000000000000000000000000000000CD
:1093A00000000000000000000000000000000000BD
:1093B00000000000000000000000000000000000AD
:1093C000000000000000000000000000000000009D
:1093D000000000000000000000000000000000008D
:1093E000000000000000000000000000000000007D
:1093F000000000000000000000000000000000006D
:10940000000000000000000000000000000000005C
:10941000000000000000000000000000000000004C
:10942000000000000000000000000000000000003C
:10943000000000000000000000000000000000002C
:10944000000000000000000000000000000000001C
:10945000000000000000000000000000000000000C
:1094600000000000000000000000000000000000FC
:1094700000000000000000000000000000000000EC
:1094800000000000000000000000000000000000DC
:1094900000000000000000000000000000000000CC
:1094A00000000000000000000000000000000000BC
:1094B00000000000000000000000000000000000AC
:1094C000000000000000000000000000000000009C
:1094D000000000000000000000000000000000008C
:1094E000000000000000000000000000000000007C
:1094F000000000000000000000000000000000006C
:10950000000000000000000000000000000000005B
:10951000000000000000000000000000000000004B
:10952000000000000000000000000000000000003B
:10953000000000000000000000000000000000002B
:10954000000000000000000000000000000000001B
:10955000000000000000000000000000000000000B
:1095600000000000000000000000000000000000FB
:1095700000000000000000000000000000000000EB
:1095800000000000000000000000000000000000DB
:1095900000000000000000000000000000000000CB
:1095A00000000000000000000000000000000000BB
:1095B00000000000000000000000000000000000AB
:1095C000000000000000000000000000000000009B
:1095D000000000000000000000000000000000008B
:1095E000000000000000000000000000000000007B
:1095F000000000000000000000000000000000006B
:10960000000000000000000000000000000000005A
:10961000000000000000000000000000000000004A
:10962000000000000000000000000000000000003A
:10963000000000000000000000000000000000002A
:10964000000000000000000000000000000000001A
:10965000000000000000000000000000000000000A
:1096600000000000000000000000000000000000FA
:1096700000000000000000000000000000000000EA
:1096800000000000000000000000000000000000DA
:1096900000000000000000000000000000000000CA
:1096A00000000000000000000000000000000000BA
:1096B00000000000000000000000000000000000AA
:1096C000000000000000000000000000000000009A
:1096D000000000000000000000000000000000008A
:1096E000000000000000000000000000000000007A
:1096F000000000000000000000000000000000006A
:109700000000000000000000000000000000000059
:109710000000000000000000000000000000000049
:109720000000000000000000000000000000000039
:109730000000000000000000000000000000000029
:109740000000000000000000000000000000000019
:109750000000000000000000000000000000000009
:1097600000000000000000000000000000000000F9
:1097700000000000000000000000000000000000E9
:1097800000000000000000000000000000000000D9
:1097900000000000000000000000000000000000C9
:1097A00000000000000000000000000000000000B9
:1097B00000000000000000000000000000000000A9
:1097C0000000000000000000000000000000000099
:1097D0000000000000000000000000000000000089
:1097E0000000000000000000000000000000000079
:1097F0000000000000000000000000000000000069
:109800000000000000000000000000000000000058
:109810000000000000000000000000000000000048
:109820000000000000000000000000000000000038
:109830000000000000000000000000000000000028
:109840000000000000000000000000000000000018
:109850000000000000000000000000000000000008
:1098600000000000000000000000000000000000F8
:1098700000000000000000000000000000000000E8
:1098800000000000000000000000000000000000D8
:1098900000000000000000000000000000000000C8
:1098A00000000000000000000000000000000000B8
:1098B00000000000000000000000000000000000A8
:1098C0000000000000000000000000000000000098
:1098D0000000000000000000000000000000000088
:1098E0000000000000000000000000000000000078
:1098F0000000000000000000000000000000000068
:109900000000000000000000000000000000000057
:109910000000000000000000000000000000000047
:109920000000000000000000000000000000000037
:109930000000000000000000000000000000000027
:109940000000000000000000000000000000000017
:109950000000000000000000000000000000000007
:1099600000000000000000000000000000000000F7
:1099700000000000000000000000000000000000E7
:1099800000000000000000000000000000000000D7
:1099900000000000000000000000000000000000C7
:1099A00000000000000000000000000000000000B7
:1099B00000000000000000000000000000000000A7
:1099C0000000000000000000000000000000000097
:1099D0000000000000000000000000000000000087
:1099E0000000000000000000000000000000000077
:1099F0000000000000000000000000000000000067
:109A00000000000000000000000000000000000056
:109A10000000000000000000000000000000000046
:109A20000000000000000000000000000000000036
:109A30000000000000000000000000000000000026
:109A40000000000000000000000000000000000016
:109A50000000000000000000000000000000000006
:109A600000000000000000000000000000000000F6
:109A700000000000000000000000000000000000E6
:109A800000000000000000000000000000000000D6
:109A900000000000000000000000000000000000C6
:109AA00000000000000000000000000000000000B6
:109AB00000000000000000000000000000000000A6
:109AC0000000000000000000000000000000000096
:109AD0000000000000000000000000000000000086
:109AE0000000000000000000000000000000000076
:109AF0000000000000000000000000000000000066
:109B00000000000000000000000000000000000055
:109B10000000000000000000000000000000000045
:109B20000000000000000000000000000000000035
:109B30000000000000000000000000000000000025
:109B40000000000000000000000000000000000015
:109B50000000000000000000000000000000000005
:109B600000000000000000000000000000000000F5
:109B700000000000000000000000000000000000E5
:109B800000000000000000000000000000000000D5
:109B900000000000000000000000000000000000C5
:109BA00000000000000000000000000000000000B5
:109BB00000000000000000000000000000000000A5
:109BC0000000000000000000000000000000000095
:109BD0000000000000000000000000000000000085
:109BE0000000000000000000000000000000000075
:109BF0000000000000000000000000000000000065
:109C00000000000000000000000000000000000054
:109C10000000000000000000000000000000000044
:109C20000000000000000000000000000000000034
:109C30000000000000000000000000000000000024
:109C40000000000000000000000000000000000014
:109C50000000000000000000000000000000000004
:109C600000000000000000000000000000000000F4
:109C700000000000000000000000000000000000E4
:109C800000000000000000000000000000000000D4
:109C900000000000000000000000000000000000C4
:109CA00000000000000000000000000000000000B4
:109CB00000000000000000000000000000000000A4
:109CC0000000000000000000000000000000000094
:109CD0000000000000000000000000000000000084
:109CE0000000000000000000000000000000000074
:109CF0000000000000000000000000000000000064
:109D00000000000000000000000000000000000053
:109D10000000000000000000000000000000000043
:109D20000000000000000000000000000000000033
:109D30000000000000000000000000000000000023
:109D40000000000000000000000000000000000013
:109D50000000000000000000000000000000000003
:109D600000000000000000000000000000000000F3
:109D700000000000000000000000000000000000E3
:109D800000000000000000000000000000000000D3
:109D900000000000000000000000000000000000C3
:109DA00000000000000000000000000000000000B3
:109DB00000000000000000000000000000000000A3
:109DC0000000000000000000000000000000000093
:109DD0000000000000000000000000000000000083
:109DE0000000000000000000000000000000000073
:109DF0000000000000000000000000000000000063
:109E00000000000000000000000000000000000052
:109E10000000000000000000000000000000000042
:109E20000000000000000000000000000000000032
:109E30000000000000000000000000000000000022
:109E40000000000000000000000000000000000012
:109E50000000000000000000000000000000000002
:109E600000000000000000000000000000000000F2
:109E700000000000000000000000000000000000E2
:109E800000000000000000000000000000000000D2
:109E900000000000000000000000000000000000C2
:109EA00000000000000000000000000000000000B2
:109EB00000000000000000000000000000000000A2
:109EC0000000000000000000000000000000000092
:109ED0000000000000000000000000000000000082
:109EE0000000000000000000000000000000000072
:109EF0000000000000000000000000000000000062
:109F00000000000000000000000000000000000051
:109F10000000000000000000000000000000000041
:109F20000000000000000000000000000000000031
:109F30000000000000000000000000000000000021
:109F40000000000000000000000000000000000011
:109F50000000000000000000000000000000000001
:109F600000000000000000000000000000000000F1
:109F700000000000000000000000000000000000E1
:109F800000000000000000000000000000000000D1
:109F900000000000000000000000000000000000C1
:109FA00000000000000000000000000000000000B1
:109FB00000000000000000000000000000000000A1
:109FC0000000000000000000000000000000000091
:109FD0000000000000000000000000000000000081
:109FE0000000000000000000000000000000000071
:109FF0000000000000000000000000000000000061
:10A000000000000000000000000000000000000050
:10A010000000000000000000000000000000000040
:10A020000000000000000000000000000000000030
:10A030000000000000000000000000000000000020
:10A040000000000000000000000000000000000010
:10A050000000000000000000000000000000000000
:10A0600000000000000000000000000000000000F0
:10A0700000000000000000000000000000000000E0
:10A0800000000000000000000000000000000000D0
:10A0900000000000000000000000000000000000C0
:10A0A00000000000000000000000000000000000B0
:10A0B00000000000000000000000000000000000A0
:10A0C0000000000000000000000000000000000090
:10A0D0000000000000000000000000000000000080
:10A0E0000000000000000000000000000000000070
:10A0F0000000000000000000000000000000000060
:10A10000000000000000000000000000000000004F
:10A11000000000000000000000000000000000003F
:10A12000000000000000000000000000000000002F
:10A13000000000000000000000000000000000001F
:10A14000000000000000000000000000000000000F
:10A1500000000000000000000000000000000000FF
:10A1600000000000000000000000000000000000EF
:10A1700000000000000000000000000000000000DF
:10A1800000000000000000000000000000000000CF
:10A1900000000000000000000000000000000000BF
:10A1A00000000000000000000000000000000000AF
:10A1B000000000000000000000000000000000009F
:10A1C000000000000000000000000000000000008F
:10A1D000000000000000000000000000000000007F
:10A1E000000000000000000000000000000000006F
:10A1F000000000000000000000000000000000005F
:10A20000000000000000000000000000000000004E
:10A21000000000000000000000000000000000003E
:10A22000000000000000000000000000000000002E
:10A23000000000000000000000000000000000001E
:10A24000000000000000000000000000000000000E
:10A2500000000000000000000000000000000000FE
:10A2600000000000000000000000000000000000EE
:10A2700000000000000000000000000000000000DE
:10A2800000000000000000000000000000000000CE
:10A2900000000000000000000000000000000000BE
:10A2A00000000000000000000000000000000000AE
:10A2B000000000000000000000000000000000009E
:10A2C000000000000000000000000000000000008E
:10A2D000000000000000000000000000000000007E
:10A2E000000000000000000000000000000000006E
:10A2F000000000000000000000000000000000005E
:10A30000000000000000000000000000000000004D
:10A31000000000000000000000000000000000003D
:10A32000000000000000000000000000000000002D
:10A33000000000000000000000000000000000001D
:10A34000000000000000000000000000000000000D
:10A3500000000000000000000000000000000000FD
:10A3600000000000000000000000000000000000ED
:10A3700000000000000000000000000000000000DD
:10A3800000000000000000000000000000000000CD
:10A3900000000000000000000000000000000000BD
:10A3A00000000000000000000000000000000000AD
:10A3B000000000000000000000000000000000009D
:10A3C000000000000000000000000000000000008D
:10A3D000000000000000000000000000000000007D
:10A3E000000000000000000000000000000000006D
:10A3F000000000000000000000000000000000005D
:10A40000000000000000000000000000000000004C
:10A41000000000000000000000000000000000003C
:10A42000000000000000000000000000000000002C
:10A43000000000000000000000000000000000001C
:10A44000000000000000000000000000000000000C
:10A4500000000000000000000000000000000000FC
:10A4600000000000000000000000000000000000EC
:10A4700000000000000000000000000000000000DC
:10A4800000000000000000000000000000000000CC
:10A4900000000000000000000000000000000000BC
:10A4A00000000000000000000000000000000000AC
:10A4B000000000000000000000000000000000009C
:10A4C000000000000000000000000000000000008C
:10A4D000000000000000000000000000000000007C
:10A4E000000000000000000000000000000000006C
:10A4F000000000000000000000000000000000005C
:10A50000000000000000000000000000000000004B
:10A51000000000000000000000000000000000003B
:10A52000000000000000000000000000000000002B
:10A53000000000000000000000000000000000001B
:10A54000000000000000000000000000000000000B
:10A5500000000000000000000000000000000000FB
:10A5600000000000000000000000000000000000EB
:10A5700000000000000000000000000000000000DB
:10A5800000000000000000000000000000000000CB
:10A5900000000000000000000000000000000000BB
:10A5A00000000000000000000000000000000000AB
:10A5B000000000000000000000000000000000009B
:10A5C000000000000000000000000000000000008B
:10A5D000000000000000000000000000000000007B
:10A5E000000000000000000000000000000000006B
:10A5F000000000000000000000000000000000005B
:10A60000000000000000000000000000000000004A
:10A61000000000000000000000000000000000003A
:10A62000000000000000000000000000000000002A
:10A63000000000000000000000000000000000001A
:10A64000000000000000000000000000000000000A
:10A6500000000000000000000000000000000000FA
:10A6600000000000000000000000000000000000EA
:10A6700000000000000000000000000000000000DA
:10A6800000000000000000000000000000000000CA
:10A6900000000000000000000000000000000000BA
:10A6A00000000000000000000000000000000000AA
:10A6B000000000000000000000000000000000009A
:10A6C000000000000000000000000000000000008A
:10A6D000000000000000000000000000000000007A
:10A6E000000000000000000000000000000000006A
:10A6F000000000000000000000000000000000005A
:10A700000000000000000000000000000000000049
:10A710000000000000000000000000000000000039
:10A720000000000000000000000000000000000029
:10A730000000000000000000000000000000000019
:10A740000000000000000000000000000000000009
:10A7500000000000000000000000000000000000F9
:10A7600000000000000000000000000000000000E9
:10A7700000000000000000000000000000000000D9
:10A7800000000000000000000000000000000000C9
:10A7900000000000000000000000000000000000B9
:10A7A00000000000000000000000000000000000A9
:10A7B0000000000000000000000000000000000099
:10A7C0000000000000000000000000000000000089
:10A7D0000000000000000000000000000000000079
:10A7E0000000000000000000000000000000000069
:10A7F0000000000000000000000000000000000059
:10A800000000000000000000000000000000000048
:10A810000000000000000000000000000000000038
:10A820000000000000000000000000000000000028
:10A830000000000000000000000000000000000018
:10A840000000000000000000000000000000000008
:10A8500000000000000000000000000000000000F8
:10A8600000000000000000000000000000000000E8
:10A8700000000000000000000000000000000000D8
:10A8800000000000000000000000000000000000C8
:10A8900000000000000000000000000000000000B8
:10A8A00000000000000000000000000000000000A8
:10A8B0000000000000000000000000000000000098
:10A8C0000000000000000000000000000000000088
:10A8D0000000000000000000000000000000000078
:10A8E0000000000000000000000000000000000068
:10A8F0000000000000000000000000000000000058
:10A900000000000000000000000000000000000047
:10A910000000000000000000000000000000000037
:10A920000000000000000000000000000000000027
:10A930000000000000000000000000000000000017
:10A940000000000000000000000000000000000007
:10A9500000000000000000000000000000000000F7
:10A9600000000000000000000000000000000000E7
:10A9700000000000000000000000000000000000D7
:10A9800000000000000000000000000000000000C7
:10A9900000000000000000000000000000000000B7
:10A9A00000000000000000000000000000000000A7
:10A9B0000000000000000000000000000000000097
:10A9C0000000000000000000000000000000000087
:10A9D0000000000000000000000000000000000077
:10A9E0000000000000000000000000000000000067
:10A9F0000000000000000000000000000000000057
:10AA00000000000000000000000000000000000046
:10AA10000000000000000000000000000000000036
:10AA20000000000000000000000000000000000026
:10AA30000000000000000000000000000000000016
:10AA40000000000000000000000000000000000006
:10AA500000000000000000000000000000000000F6
:10AA600000000000000000000000000000000000E6
:10AA700000000000000000000000000000000000D6
:10AA800000000000000000000000000000000000C6
:10AA900000000000000000000000000000000000B6
:10AAA00000000000000000000000000000000000A6
:10AAB0000000000000000000000000000000000096
:10AAC0000000000000000000000000000000000086
:10AAD0000000000000000000000000000000000076
:10AAE0000000000000000000000000000000000066
:10AAF0000000000000000000000000000000000056
:10AB00000000000000000000000000000000000045
:10AB10000000000000000000000000000000000035
:10AB20000000000000000000000000000000000025
:10AB30000000000000000000000000000000000015
:10AB40000000000000000000000000000000000005
:10AB500000000000000000000000000000000000F5
:10AB600000000000000000000000000000000000E5
:10AB700000000000000000000000000000000000D5
:10AB800000000000000000000000000000000000C5
:10AB900000000000000000000000000000000000B5
:10ABA00000000000000000000000000000000000A5
:10ABB0000000000000000000000000000000000095
:10ABC0000000000000000000000000000000000085
:10ABD0000000000000000000000000000000000075
:10ABE0000000000000000000000000000000000065
:10ABF0000000000000000000000000000000000055
:10AC00000000000000000000000000000000000044
:10AC10000000000000000000000000000000000034
:10AC20000000000000000000000000000000000024
:10AC30000000000000000000000000000000000014
:10AC40000000000000000000000000000000000004
:10AC500000000000000000000000000000000000F4
:10AC600000000000000000000000000000000000E4
:10AC700000000000000000000000000000000000D4
:10AC800000000000000000000000000000000000C4
:10AC900000000000000000000000000000000000B4
:10ACA00000000000000000000000000000000000A4
:10ACB0000000000000000000000000000000000094
:10ACC0000000000000000000000000000000000084
:10ACD0000000000000000000000000000000000074
:10ACE0000000000000000000000000000000000064
:10ACF0000000000000000000000000000000000054
:10AD00000000000000000000000000000000000043
:10AD10000000000000000000000000000000000033
:10AD20000000000000000000000000000000000023
:10AD30000000000000000000000000000000000013
:10AD40000000000000000000000000000000000003
:10AD500000000000000000000000000000000000F3
:10AD600000000000000000000000000000000000E3
:10AD700000000000000000000000000000000000D3
:10AD800000000000000000000000000000000000C3
:10AD900000000000000000000000000000000000B3
:10ADA00000000000000000000000000000000000A3
:10ADB0000000000000000000000000000000000093
:10ADC0000000000000000000000000000000000083
:10ADD0000000000000000000000000000000000073
:10ADE0000000000000000000000000000000000063
:10ADF0000000000000000000000000000000000053
:10AE00000000000000000000000000000000000042
:10AE10000000000000000000000000000000000032
:10AE20000000000000000000000000000000000022
:10AE30000000000000000000000000000000000012
:10AE40000000000000000000000000000000000002
:10AE500000000000000000000000000000000000F2
:10AE600000000000000000000000000000000000E2
:10AE700000000000000000000000000000000000D2
:10AE800000000000000000000000000000000000C2
:10AE900000000000000000000000000000000000B2
:10AEA00000000000000000000000000000000000A2
:10AEB0000000000000000000000000000000000092
:10AEC0000000000000000000000000000000000082
:10AED0000000000000000000000000000000000072
:10AEE0000000000000000000000000000000000062
:10AEF0000000000000000000000000000000000052
:10AF00000000000000000000000000000000000041
:10AF10000000000000000000000000000000000031
:10AF20000000000000000000000000000000000021
:10AF30000000000000000000000000000000000011
:10AF40000000000000000000000000000000000001
:10AF500000000000000000000000000000000000F1
:10AF600000000000000000000000000000000000E1
:10AF700000000000000000000000000000000000D1
:10AF800000000000000000000000000000000000C1
:10AF900000000000000000000000000000000000B1
:10AFA00000000000000000000000000000000000A1
:10AFB0000000000000000000000000000000000091
:10AFC0000000000000000000000000000000000081
:10AFD0000000000000000000000000000000000071
:10AFE0000000000000000000000000000000000061
:10AFF0000000000000000000000000000000000051
:10B000000000000000000000000000000000000040
:10B010000000000000000000000000000000000030
:10B020000000000000000000000000000000000020
:10B030000000000000000000000000000000000010
:10B040000000000000000000000000000000000000
:10B0500000000000000000000000000000000000F0
:10B0600000000000000000000000000000000000E0
:10B0700000000000000000000000000000000000D0
:10B0800000000000000000000000000000000000C0
:10B0900000000000000000000000000000000000B0
:10B0A00000000000000000000000000000000000A0
:10B0B0000000000000000000000000000000000090
:10B0C0000000000000000000000000000000000080
:10B0D0000000000000000000000000000000000070
:10B0E0000000000000000000000000000000000060
:10B0F0000000000000000000000000000000000050
:10B10000000000000000000000000000000000003F
:10B11000000000000000000000000000000000002F
:10B12000000000000000000000000000000000001F
:10B13000000000000000000000000000000000000F
:10B1400000000000000000000000000000000000FF
:10B1500000000000000000000000000000000000EF
:10B1600000000000000000000000000000000000DF
:10B1700000000000000000000000000000000000CF
:10B1800000000000000000000000000000000000BF
:10B1900000000000000000000000000000000000AF
:10B1A000000000000000000000000000000000009F
:10B1B000000000000000000000000000000000008F
:10B1C000000000000000000000000000000000007F
:10B1D000000000000000000000000000000000006F
:10B1E000000000000000000000000000000000005F
:10B1F000000000000000000000000000000000004F
:10B20000000000000000000000000000000000003E
:10B21000000000000000000000000000000000002E
:10B22000000000000000000000000000000000001E
:10B23000000000000000000000000000000000000E
:10B2400000000000000000000000000000000000FE
:10B2500000000000000000000000000000000000EE
:10B2600000000000000000000000000000000000DE
:10B2700000000000000000000000000000000000CE
:10B2800000000000000000000000000000000000BE
:10B2900000000000000000000000000000000000AE
:10B2A000000000000000000000000000000000009E
:10B2B000000000000000000000000000000000008E
:10B2C000000000000000000000000000000000007E
:10B2D000000000000000000000000000000000006E
:10B2E000000000000000000000000000000000005E
:10B2F000000000000000000000000000000000004E
:10B30000000000000000000000000000000000003D
:10B31000000000000000000000000000000000002D
:10B32000000000000000000000000000000000001D
:10B33000000000000000000000000000000000000D
:10B3400000000000000000000000000000000000FD
:10B3500000000000000000000000000000000000ED
:10B3600000000000000000000000000000000000DD
:10B3700000000000000000000000000000000000CD
:10B3800000000000000000000000000000000000BD
:10B3900000000000000000000000000000000000AD
:10B3A000000000000000000000000000000000009D
:10B3B000000000000000000000000000000000008D
:10B3C000000000000000000000000000000000007D
:10B3D000000000000000000000000000000000006D
:10B3E000000000000000000000000000000000005D
:10B3F000000000000000000000000000000000004D
:10B40000000000000000000000000000000000003C
:10B41000000000000000000000000000000000002C
:10B42000000000000000000000000000000000001C
:10B43000000000000000000000000000000000000C
:10B4400000000000000000000000000000000000FC
:10B4500000000000000000000000000000000000EC
:10B4600000000000000000000000000000000000DC
:10B4700000000000000000000000000000000000CC
:10B4800000000000000000000000000000000000BC
:10B4900000000000000000000000000000000000AC
:10B4A000000000000000000000000000000000009C
:10B4B000000000000000000000000000000000008C
:10B4C000000000000000000000000000000000007C
:10B4D000000000000000000000000000000000006C
:10B4E000000000000000000000000000000000005C
:10B4F000000000000000000000000000000000004C
:10B50000000000000000000000000000000000003B
:10B51000000000000000000000000000000000002B
:10B52000000000000000000000000000000000001B
:10B53000000000000000000000000000000000000B
:10B5400000000000000000000000000000000000FB
:10B5500000000000000000000000000000000000EB
:10B5600000000000000000000000000000000000DB
:10B5700000000000000000000000000000000000CB
:10B5800000000000000000000000000000000000BB
:10B5900000000000000000000000000000000000AB
:10B5A000000000000000000000000000000000009B
:10B5B000000000000000000000000000000000008B
:10B5C000000000000000000000000000000000007B
:10B5D000000000000000000000000000000000006B
:10B5E000000000000000000000000000000000005B
:10B5F000000000000000000000000000000000004B
:10B60000000000000000000000000000000000003A
:10B61000000000000000000000000000000000002A
:10B62000000000000000000000000000000000001A
:10B63000000000000000000000000000000000000A
:10B6400000000000000000000000000000000000FA
:10B6500000000000000000000000000000000000EA
:10B6600000000000000000000000000000000000DA
:10B6700000000000000000000000000000000000CA
:10B6800000000000000000000000000000000000BA
:10B6900000000000000000000000000000000000AA
:10B6A000000000000000000000000000000000009A
:10B6B000000000000000000000000000000000008A
:10B6C000000000000000000000000000000000007A
:10B6D000000000000000000000000000000000006A
:10B6E000000000000000000000000000000000005A
:10B6F000000000000000000000000000000000004A
:10B700000000000000000000000000000000000039
:10B710000000000000000000000000000000000029
:10B720000000000000000000000000000000000019
:10B730000000000000000000000000000000000009
:10B7400000000000000000000000000000000000F9
:10B7500000000000000000000000000000000000E9
:10B7600000000000000000000000000000000000D9
:10B7700000000000000000000000000000000000C9
:10B7800000000000000000000000000000000000B9
:10B7900000000000000000000000000000000000A9
:10B7A0000000000000000000000000000000000099
:10B7B0000000000000000000000000000000000089
:10B7C0000000000000000000000000000000000079
:10B7D0000000000000000000000000000000000069
:10B7E0000000000000000000000000000000000059
:10B7F0000000000000000000000000000000000049
:10B800000000000000000000000000000000000038
:10B810000000000000000000000000000000000028
:10B820000000000000000000000000000000000018
:10B830000000000000000000000000000000000008
:10B8400000000000000000000000000000000000F8
:10B8500000000000000000000000000000000000E8
:10B8600000000000000000000000000000000000D8
:10B8700000000000000000000000000000000000C8
:10B8800000000000000000000000000000000000B8
:10B8900000000000000000000000000000000000A8
:10B8A0000000000000000000000000000000000098
:10B8B0000000000000000000000000000000000088
:10B8C0000000000000000000000000000000000078
:10B8D0000000000000000000000000000000000068
:10B8E0000000000000000000000000000000000058
:10B8F0000000000000000000000000000000000048
:10B900000000000000000000000000000000000037
:10B910000000000000000000000000000000000027
:10B920000000000000000000000000000000000017
:10B930000000000000000000000000000000000007
:10B9400000000000000000000000000000000000F7
:10B9500000000000000000000000000000000000E7
:10B9600000000000000000000000000000000000D7
:10B9700000000000000000000000000000000000C7
:10B9800000000000000000000000000000000000B7
:10B9900000000000000000000000000000000000A7
:10B9A0000000000000000000000000000000000097
:10B9B0000000000000000000000000000000000087
:10B9C0000000000000000000000000000000000077
:10B9D0000000000000000000000000000000000067
:10B9E0000000000000000000000000000000000057
:10B9F0000000000000000000000000000000000047
:10BA00000000000000000000000000000000000036
:10BA10000000000000000000000000000000000026
:10BA20000000000000000000000000000000000016
:10BA30000000000000000000000000000000000006
:10BA400000000000000000000000000000000000F6
:10BA500000000000000000000000000000000000E6
:10BA600000000000000000000000000000000000D6
:10BA700000000000000000000000000000000000C6
:10BA800000000000000000000000000000000000B6
:10BA900000000000000000000000000000000000A6
:10BAA0000000000000000000000000000000000096
:10BAB0000000000000000000000000000000000086
:10BAC0000000000000000000000000000000000076
:10BAD0000000000000000000000000000000000066
:10BAE0000000000000000000000000000000000056
:10BAF0000000000000000000000000000000000046
:10BB00000000000000000000000000000000000035
:10BB10000000000000000000000000000000000025
:10BB20000000000000000000000000000000000015
:10BB30000000000000000000000000000000000005
:10BB400000000000000000000000000000000000F5
:10BB500000000000000000000000000000000000E5
:10BB600000000000000000000000000000000000D5
:10BB700000000000000000000000000000000000C5
:10BB800000000000000000000000000000000000B5
:10BB900000000000000000000000000000000000A5
:10BBA0000000000000000000000000000000000095
:10BBB0000000000000000000000000000000000085
:10BBC0000000000000000000000000000000000075
:10BBD0000000000000000000000000000000000065
:10BBE0000000000000000000000000000000000055
:10BBF0000000000000000000000000000000000045
:10BC00000000000000000000000000000000000034
:10BC10000000000000000000000000000000000024
:10BC20000000000000000000000000000000000014
:10BC30000000000000000000000000000000000004
:10BC400000000000000000000000000000000000F4
:10BC500000000000000000000000000000000000E4
:10BC600000000000000000000000000000000000D4
:10BC700000000000000000000000000000000000C4
:10BC800000000000000000000000000000000000B4
:10BC900000000000000000000000000000000000A4
:10BCA0000000000000000000000000000000000094
:10BCB0000000000000000000000000000000000084
:10BCC0000000000000000000000000000000000074
:10BCD0000000000000000000000000000000000064
:10BCE0000000000000000000000000000000000054
:10BCF0000000000000000000000000000000000044
:10BD00000000000000000000000000000000000033
:10BD10000000000000000000000000000000000023
:10BD20000000000000000000000000000000000013
:10BD30000000000000000000000000000000000003
:10BD400000000000000000000000000000000000F3
:10BD500000000000000000000000000000000000E3
:10BD600000000000000000000000000000000000D3
:10BD700000000000000000000000000000000000C3
:10BD800000000000000000000000000000000000B3
:10BD900000000000000000000000000000000000A3
:10BDA0000000000000000000000000000000000093
:10BDB0000000000000000000000000000000000083
:10BDC0000000000000000000000000000000000073
:10BDD0000000000000000000000000000000000063
:10BDE0000000000000000000000000000000000053
:10BDF0000000000000000000000000000000000043
:10BE00000000000000000000000000000000000032
:10BE10000000000000000000000000000000000022
:10BE20000000000000000000000000000000000012
:10BE30000000000000000000000000000000000002
:10BE400000000000000000000000000000000000F2
:10BE500000000000000000000000000000000000E2
:10BE600000000000000000000000000000000000D2
:10BE700000000000000000000000000000000000C2
:10BE800000000000000000000000000000000000B2
:10BE900000000000000000000000000000000000A2
:10BEA0000000000000000000000000000000000092
:10BEB0000000000000000000000000000000000082
:10BEC0000000000000000000000000000000000072
:10BED0000000000000000000000000000000000062
:10BEE0000000000000000000000000000000000052
:10BEF0000000000000000000000000000000000042
:10BF00000000000000000000000000000000000031
:10BF10000000000000000000000000000000000021
:10BF20000000000000000000000000000000000011
:10BF30000000000000000000000000000000000001
:10BF400000000000000000000000000000000000F1
:10BF500000000000000000000000000000000000E1
:10BF600000000000000000000000000000000000D1
:10BF700000000000000000000000000000000000C1
:10BF800000000000000000000000000000000000B1
:10BF900000000000000000000000000000000000A1
:10BFA0000000000000000000000000000000000091
:10BFB0000000000000000000000000000000000081
:10BFC0000000000000000000000000000000000071
:10BFD0000000000000000000000000000000000061
:10BFE0000000000000000000000000000000000051
:10BFF0000000000000000000000000000000000041
:10C000000000000000000000000000000000000030
:10C010000000000000000000000000000000000020
:10C020000000000000000000000000000000000010
:10C030000000000000000000000000000000000000
:10C0400000000000000000000000000000000000F0
:10C0500000000000000000000000000000000000E0
:10C0600000000000000000000000000000000000D0
:10C0700000000000000000000000000000000000C0
:10C0800000000000000000000000000000000000B0
:10C0900000000000000000000000000000000000A0
:10C0A0000000000000000000000000000000000090
:10C0B0000000000000000000000000000000000080
:10C0C0000000000000000000000000000000000070
:10C0D0000000000000000000000000000000000060
:10C0E0000000000000000000000000000000000050
:10C0F0000000000000000000000000000000000040
:10C10000000000000000000000000000000000002F
:10C11000000000000000000000000000000000001F
:10C12000000000000000000000000000000000000F
:10C1300000000000000000000000000000000000FF
:10C1400000000000000000000000000000000000EF
:10C1500000000000000000000000000000000000DF
:10C1600000000000000000000000000000000000CF
:10C1700000000000000000000000000000000000BF
:10C1800000000000000000000000000000000000AF
:10C19000000000000000000000000000000000009F
:10C1A000000000000000000000000000000000008F
:10C1B000000000000000000000000000000000007F
:10C1C000000000000000000000000000000000006F
:10C1D000000000000000000000000000000000005F
:10C1E000000000000000000000000000000000004F
:10C1F000000000000000000000000000000000003F
:10C20000000000000000000000000000000000002E
:10C21000000000000000000000000000000000001E
:10C22000000000000000000000000000000000000E
:10C2300000000000000000000000000000000000FE
:10C2400000000000000000000000000000000000EE
:10C2500000000000000000000000000000000000DE
:10C2600000000000000000000000000000000000CE
:10C2700000000000000000000000000000000000BE
:10C2800000000000000000000000000000000000AE
:10C29000000000000000000000000000000000009E
:10C2A000000000000000000000000000000000008E
:10C2B000000000000000000000000000000000007E
:10C2C000000000000000000000000000000000006E
:10C2D000000000000000000000000000000000005E
:10C2E000000000000000000000000000000000004E
:10C2F000000000000000000000000000000000003E
:10C30000000000000000000000000000000000002D
:10C31000000000000000000000000000000000001D
:10C32000000000000000000000000000000000000D
:10C3300000000000000000000000000000000000FD
:10C3400000000000000000000000000000000000ED
:10C3500000000000000000000000000000000000DD
:10C3600000000000000000000000000000000000CD
:10C3700000000000000000000000000000000000BD
:10C3800000000000000000000000000000000000AD
:10C39000000000000000000000000000000000009D
:10C3A000000000000000000000000000000000008D
:10C3B000000000000000000000000000000000007D
:10C3C000000000000000000000000000000000006D
:10C3D000000000000000000000000000000000005D
:10C3E000000000000000000000000000000000004D
:10C3F000000000000000000000000000000000003D
:10C40000000000000000000000000000000000002C
:10C41000000000000000000000000000000000001C
:10C42000000000000000000000000000000000000C
:10C4300000000000000000000000000000000000FC
:10C4400000000000000000000000000000000000EC
:10C4500000000000000000000000000000000000DC
:10C4600000000000000000000000000000000000CC
:10C4700000000000000000000000000000000000BC
:10C4800000000000000000000000000000000000AC
:10C49000000000000000000000000000000000009C
:10C4A000000000000000000000000000000000008C
:10C4B000000000000000000000000000000000007C
:10C4C000000000000000000000000000000000006C
:10C4D000000000000000000000000000000000005C
:10C4E000000000000000000000000000000000004C
:10C4F000000000000000000000000000000000003C
:10C50000000000000000000000000000000000002B
:10C51000000000000000000000000000000000001B
:10C52000000000000000000000000000000000000B
:10C5300000000000000000000000000000000000FB
:10C5400000000000000000000000000000000000EB
:10C5500000000000000000000000000000000000DB
:10C5600000000000000000000000000000000000CB
:10C5700000000000000000000000000000000000BB
:10C5800000000000000000000000000000000000AB
:10C59000000000000000000000000000000000009B
:10C5A000000000000000000000000000000000008B
:10C5B000000000000000000000000000000000007B
:10C5C000000000000000000000000000000000006B
:10C5D000000000000000000000000000000000005B
:10C5E000000000000000000000000000000000004B
:10C5F000000000000000000000000000000000003B
:10C60000000000000000000000000000000000002A
:10C61000000000000000000000000000000000001A
:10C62000000000000000000000000000000000000A
:10C6300000000000000000000000000000000000FA
:10C6400000000000000000000000000000000000EA
:10C6500000000000000000000000000000000000DA
:10C6600000000000000000000000000000000000CA
:10C6700000000000000000000000000000000000BA
:10C6800000000000000000000000000000000000AA
:10C69000000000000000000000000000000000009A
:10C6A000000000000000000000000000000000008A
:10C6B000000000000000000000000000000000007A
:10C6C000000000000000000000000000000000006A
:10C6D000000000000000000000000000000000005A
:10C6E000000000000000000000000000000000004A
:10C6F000000000000000000000000000000000003A
:10C700000000000000000000000000000000000029
:10C710000000000000000000000000000000000019
:10C720000000000000000000000000000000000009
:10C7300000000000000000000000000000000000F9
:10C7400000000000000000000000000000000000E9
:10C7500000000000000000000000000000000000D9
:10C7600000000000000000000000000000000000C9
:10C7700000000000000000000000000000000000B9
:10C7800000000000000000000000000000000000A9
:10C790000000000000000000000000000000000099
:10C7A0000000000000000000000000000000000089
:10C7B0000000000000000000000000000000000079
:10C7C0000000000000000000000000000000000069
:10C7D0000000000000000000000000000000000059
:10C7E0000000000000000000000000000000000049
:10C7F0000000000000000000000000000000000039
:10C800000000000000000000000000000000000028
:10C810000000000000000000000000000000000018
:10C820000000000000000000000000000000000008
:10C8300000000000000000000000000000000000F8
:10C8400000000000000000000000000000000000E8
:10C8500000000000000000000000000000000000D8
:10C8600000000000000000000000000000000000C8
:10C8700000000000000000000000000000000000B8
:10C8800000000000000000000000000000000000A8
:10C890000000000000000000000000000000000098
:10C8A0000000000000000000000000000000000088
:10C8B0000000000000000000000000000000000078
:10C8C0000000000000000000000000000000000068
:10C8D0000000000000000000000000000000000058
:10C8E0000000000000000000000000000000000048
:10C8F0000000000000000000000000000000000038
:10C900000000000000000000000000000000000027
:10C910000000000000000000000000000000000017
:10C920000000000000000000000000000000000007
:10C9300000000000000000000000000000000000F7
:10C9400000000000000000000000000000000000E7
:10C9500000000000000000000000000000000000D7
:10C9600000000000000000000000000000000000C7
:10C9700000000000000000000000000000000000B7
:10C9800000000000000000000000000000000000A7
:10C990000000000000000000000000000000000097
:10C9A0000000000000000000000000000000000087
:10C9B0000000000000000000000000000000000077
:10C9C0000000000000000000000000000000000067
:10C9D0000000000000000000000000000000000057
:10C9E0000000000000000000000000000000000047
:10C9F0000000000000000000000000000000000037
:10CA00000000000000000000000000000000000026
:10CA10000000000000000000000000000000000016
:10CA20000000000000000000000000000000000006
:10CA300000000000000000000000000000000000F6
:10CA400000000000000000000000000000000000E6
:10CA500000000000000000000000000000000000D6
:10CA600000000000000000000000000000000000C6
:10CA700000000000000000000000000000000000B6
:10CA800000000000000000000000000000000000A6
:10CA90000000000000000000000000000000000096
:10CAA0000000000000000000000000000000000086
:10CAB0000000000000000000000000000000000076
:10CAC0000000000000000000000000000000000066
:10CAD0000000000000000000000000000000000056
:10CAE0000000000000000000000000000000000046
:10CAF0000000000000000000000000000000000036
:10CB00000000000000000000000000000000000025
:10CB10000000000000000000000000000000000015
:10CB20000000000000000000000000000000000005
:10CB300000000000000000000000000000000000F5
:10CB400000000000000000000000000000000000E5
:10CB500000000000000000000000000000000000D5
:10CB600000000000000000000000000000000000C5
:10CB700000000000000000000000000000000000B5
:10CB800000000000000000000000000000000000A5
:10CB90000000000000000000000000000000000095
:10CBA0000000000000000000000000000000000085
:10CBB0000000000000000000000000000000000075
:10CBC0000000000000000000000000000000000065
:10CBD0000000000000000000000000000000000055
:10CBE0000000000000000000000000000000000045
:10CBF0000000000000000000000000000000000035
:10CC00000000000000000000000000000000000024
:10CC10000000000000000000000000000000000014
:10CC20000000000000000000000000000000000004
:10CC300000000000000000000000000000000000F4
:10CC400000000000000000000000000000000000E4
:10CC500000000000000000000000000000000000D4
:10CC600000000000000000000000000000000000C4
:10CC700000000000000000000000000000000000B4
:10CC800000000000000000000000000000000000A4
:10CC90000000000000000000000000000000000094
:10CCA0000000000000000000000000000000000084
:10CCB0000000000000000000000000000000000074
:10CCC0000000000000000000000000000000000064
:10CCD0000000000000000000000000000000000054
:10CCE0000000000000000000000000000000000044
:10CCF0000000000000000000000000000000000034
:10CD00000000000000000000000000000000000023
:10CD10000000000000000000000000000000000013
:10CD20000000000000000000000000000000000003
:10CD300000000000000000000000000000000000F3
:10CD400000000000000000000000000000000000E3
:10CD500000000000000000000000000000000000D3
:10CD600000000000000000000000000000000000C3
:10CD700000000000000000000000000000000000B3
:10CD800000000000000000000000000000000000A3
:10CD90000000000000000000000000000000000093
:10CDA0000000000000000000000000000000000083
:10CDB0000000000000000000000000000000000073
:10CDC0000000000000000000000000000000000063
:10CDD0000000000000000000000000000000000053
:10CDE0000000000000000000000000000000000043
:10CDF0000000000000000000000000000000000033
:10CE00000000000000000000000000000000000022
:10CE10000000000000000000000000000000000012
:10CE20000000000000000000000000000000000002
:10CE300000000000000000000000000000000000F2
:10CE400000000000000000000000000000000000E2
:10CE500000000000000000000000000000000000D2
:10CE600000000000000000000000000000000000C2
:10CE700000000000000000000000000000000000B2
:10CE800000000000000000000000000000000000A2
:10CE90000000000000000000000000000000000092
:10CEA0000000000000000000000000000000000082
:10CEB0000000000000000000000000000000000072
:10CEC0000000000000000000000000000000000062
:10CED0000000000000000000000000000000000052
:10CEE0000000000000000000000000000000000042
:10CEF0000000000000000000000000000000000032
:10CF00000000000000000000000000000000000021
:10CF10000000000000000000000000000000000011
:10CF20000000000000000000000000000000000001
:10CF300000000000000000000000000000000000F1
:10CF400000000000000000000000000000000000E1
:10CF500000000000000000000000000000000000D1
:10CF600000000000000000000000000000000000C1
:10CF700000000000000000000000000000000000B1
:10CF800000000000000000000000000000000000A1
:10CF90000000000000000000000000000000000091
:10CFA0000000000000000000000000000000000081
:10CFB0000000000000000000000000000000000071
:10CFC0000000000000000000000000000000000061
:10CFD0000000000000000000000000000000000051
:10CFE0000000000000000000000000000000000041
:10CFF0000000000000000000000000000000000031
:10D000000000000000000000000000000000000020
:10D010000000000000000000000000000000000010
:10D020000000000000000000000000000000000000
:10D0300000000000000000000000000000000000F0
:10D0400000000000000000000000000000000000E0
:10D0500000000000000000000000000000000000D0
:10D0600000000000000000000000000000000000C0
:10D0700000000000000000000000000000000000B0
:10D0800000000000000000000000000000000000A0
:10D090000000000000000000000000000000000090
:10D0A0000000000000000000000000000000000080
:10D0B0000000000000000000000000000000000070
:10D0C0000000000000000000000000000000000060
:10D0D0000000000000000000000000000000000050
:10D0E0000000000000000000000000000000000040
:10D0F0000000000000000000000000000000000030
:10D10000000000000000000000000000000000001F
:10D11000000000000000000000000000000000000F
:10D1200000000000000000000000000000000000FF
:10D1300000000000000000000000000000000000EF
:10D1400000000000000000000000000000000000DF
:10D1500000000000000000000000000000000000CF
:10D1600000000000000000000000000000000000BF
:10D1700000000000000000000000000000000000AF
:10D18000000000000000000000000000000000009F
:10D19000000000000000000000000000000000008F
:10D1A000000000000000000000000000000000007F
:10D1B000000000000000000000000000000000006F
:10D1C000000000000000000000000000000000005F
:10D1D000000000000000000000000000000000004F
:10D1E000000000000000000000000000000000003F
:10D1F000000000000000000000000000000000002F
:10D20000000000000000000000000000000000001E
:10D21000000000000000000000000000000000000E
:10D2200000000000000000000000000000000000FE
:10D2300000000000000000000000000000000000EE
:10D2400000000000000000000000000000000000DE
:10D2500000000000000000000000000000000000CE
:10D2600000000000000000000000000000000000BE
:10D2700000000000000000000000000000000000AE
:10D28000000000000000000000000000000000009E
:10D29000000000000000000000000000000000008E
:10D2A000000000000000000000000000000000007E
:10D2B000000000000000000000000000000000006E
:10D2C000000000000000000000000000000000005E
:10D2D000000000000000000000000000000000004E
:10D2E000000000000000000000000000000000003E
:10D2F000000000000000000000000000000000002E
:10D30000000000000000000000000000000000001D
:10D31000000000000000000000000000000000000D
:10D3200000000000000000000000000000000000FD
:10D3300000000000000000000000000000000000ED
:10D3400000000000000000000000000000000000DD
:10D3500000000000000000000000000000000000CD
:10D3600000000000000000000000000000000000BD
:10D3700000000000000000000000000000000000AD
:10D38000000000000000000000000000000000009D
:10D39000000000000000000000000000000000008D
:10D3A000000000000000000000000000000000007D
:10D3B000000000000000000000000000000000006D
:10D3C000000000000000000000000000000000005D
:10D3D000000000000000000000000000000000004D
:10D3E000000000000000000000000000000000003D
:10D3F000000000000000000000000000000000002D
:10D40000000000000000000000000000000000001C
:10D41000000000000000000000000000000000000C
:10D4200000000000000000000000000000000000FC
:10D4300000000000000000000000000000000000EC
:10D4400000000000000000000000000000000000DC
:10D4500000000000000000000000000000000000CC
:10D4600000000000000000000000000000000000BC
:10D4700000000000000000000000000000000000AC
:10D48000000000000000000000000000000000009C
:10D49000000000000000000000000000000000008C
:10D4A000000000000000000000000000000000007C
:10D4B000000000000000000000000000000000006C
:10D4C000000000000000000000000000000000005C
:10D4D000000000000000000000000000000000004C
:10D4E000000000000000000000000000000000003C
:10D4F000000000000000000000000000000000002C
:10D50000000000000000000000000000000000001B
:10D51000000000000000000000000000000000000B
:10D5200000000000000000000000000000000000FB
:10D5300000000000000000000000000000000000EB
:10D5400000000000000000000000000000000000DB
:10D5500000000000000000000000000000000000CB
:10D5600000000000000000000000000000000000BB
:10D5700000000000000000000000000000000000AB
:10D58000000000000000000000000000000000009B
:10D59000000000000000000000000000000000008B
:10D5A000000000000000000000000000000000007B
:10D5B000000000000000000000000000000000006B
:10D5C000000000000000000000000000000000005B
:10D5D000000000000000000000000000000000004B
:10D5E000000000000000000000000000000000003B
:10D5F000000000000000000000000000000000002B
:10D60000000000000000000000000000000000001A
:10D61000000000000000000000000000000000000A
:10D6200000000000000000000000000000000000FA
:10D6300000000000000000000000000000000000EA
:10D6400000000000000000000000000000000000DA
:10D6500000000000000000000000000000000000CA
:10D6600000000000000000000000000000000000BA
:10D6700000000000000000000000000000000000AA
:10D68000000000000000000000000000000000009A
:10D69000000000000000000000000000000000008A
:10D6A000000000000000000000000000000000007A
:10D6B000000000000000000000000000000000006A
:10D6C000000000000000000000000000000000005A
:10D6D000000000000000000000000000000000004A
:10D6E000000000000000000000000000000000003A
:10D6F000000000000000000000000000000000002A
:10D700000000000000000000000000000000000019
:10D710000000000000000000000000000000000009
:10D7200000000000000000000000000000000000F9
:10D7300000000000000000000000000000000000E9
:10D7400000000000000000000000000000000000D9
:10D7500000000000000000000000000000000000C9
:10D7600000000000000000000000000000000000B9
:10D7700000000000000000000000000000000000A9
:10D780000000000000000000000000000000000099
:10D790000000000000000000000000000000000089
:10D7A0000000000000000000000000000000000079
:10D7B0000000000000000000000000000000000069
:10D7C0000000000000000000000000000000000059
:10D7D0000000000000000000000000000000000049
:10D7E0000000000000000000000000000000000039
:10D7F0000000000000000000000000000000000029
:10D800000000000000000000000000000000000018
:10D810000000000000000000000000000000000008
:10D8200000000000000000000000000000000000F8
:10D8300000000000000000000000000000000000E8
:10D8400000000000000000000000000000000000D8
:10D8500000000000000000000000000000000000C8
:10D8600000000000000000000000000000000000B8
:10D8700000000000000000000000000000000000A8
:10D880000000000000000000000000000000000098
:10D890000000000000000000000000000000000088
:10D8A0000000000000000000000000000000000078
:10D8B0000000000000000000000000000000000068
:10D8C0000000000000000000000000000000000058
:10D8D0000000000000000000000000000000000048
:10D8E0000000000000000000000000000000000038
:10D8F0000000000000000000000000000000000028
:10D900000000000000000000000000000000000017
:10D910000000000000000000000000000000000007
:10D9200000000000000000000000000000000000F7
:10D9300000000000000000000000000000000000E7
:10D9400000000000000000000000000000000000D7
:10D9500000000000000000000000000000000000C7
:10D9600000000000000000000000000000000000B7
:10D9700000000000000000000000000000000000A7
:10D980000000000000000000000000000000000097
:10D990000000000000000000000000000000000087
:10D9A0000000000000000000000000000000000077
:10D9B0000000000000000000000000000000000067
:10D9C0000000000000000000000000000000000057
:10D9D0000000000000000000000000000000000047
:10D9E0000000000000000000000000000000000037
:10D9F0000000000000000000000000000000000027
:10DA00000000000000000000000000000000000016
:10DA10000000000000000000000000000000000006
:10DA200000000000000000000000000000000000F6
:10DA300000000000000000000000000000000000E6
:10DA400000000000000000000000000000000000D6
:10DA500000000000000000000000000000000000C6
:10DA600000000000000000000000000000000000B6
:10DA700000000000000000000000000000000000A6
:10DA80000000000000000000000000000000000096
:10DA90000000000000000000000000000000000086
:10DAA0000000000000000000000000000000000076
:10DAB0000000000000000000000000000000000066
:10DAC0000000000000000000000000000000000056
:10DAD0000000000000000000000000000000000046
:10DAE0000000000000000000000000000000000036
:10DAF0000000000000000000000000000000000026
:10DB00000000000000000000000000000000000015
:10DB10000000000000000000000000000000000005
:10DB200000000000000000000000000000000000F5
:10DB300000000000000000000000000000000000E5
:10DB400000000000000000000000000000000000D5
:10DB500000000000000000000000000000000000C5
:10DB600000000000000000000000000000000000B5
:10DB700000000000000000000000000000000000A5
:10DB80000000000000000000000000000000000095
:10DB90000000000000000000000000000000000085
:10DBA0000000000000000000000000000000000075
:10DBB0000000000000000000000000000000000065
:10DBC0000000000000000000000000000000000055
:10DBD0000000000000000000000000000000000045
:10DBE0000000000000000000000000000000000035
:10DBF0000000000000000000000000000000000025
:10DC00000000000000000000000000000000000014
:10DC10000000000000000000000000000000000004
:10DC200000000000000000000000000000000000F4
:10DC300000000000000000000000000000000000E4
:10DC400000000000000000000000000000000000D4
:10DC500000000000000000000000000000000000C4
:10DC600000000000000000000000000000000000B4
:10DC700000000000000000000000000000000000A4
:10DC80000000000000000000000000000000000094
:10DC90000000000000000000000000000000000084
:10DCA0000000000000000000000000000000000074
:10DCB0000000000000000000000000000000000064
:10DCC0000000000000000000000000000000000054
:10DCD0000000000000000000000000000000000044
:10DCE0000000000000000000000000000000000034
:10DCF0000000000000000000000000000000000024
:10DD00000000000000000000000000000000000013
:10DD10000000000000000000000000000000000003
:10DD200000000000000000000000000000000000F3
:10DD300000000000000000000000000000000000E3
:10DD400000000000000000000000000000000000D3
:10DD500000000000000000000000000000000000C3
:10DD600000000000000000000000000000000000B3
:10DD700000000000000000000000000000000000A3
:10DD80000000000000000000000000000000000093
:10DD90000000000000000000000000000000000083
:10DDA0000000000000000000000000000000000073
:10DDB0000000000000000000000000000000000063
:10DDC0000000000000000000000000000000000053
:10DDD0000000000000000000000000000000000043
:10DDE0000000000000000000000000000000000033
:10DDF0000000000000000000000000000000000023
:10DE00000000000000000000000000000000000012
:10DE10000000000000000000000000000000000002
:10DE200000000000000000000000000000000000F2
:10DE300000000000000000000000000000000000E2
:10DE400000000000000000000000000000000000D2
:10DE500000000000000000000000000000000000C2
:10DE600000000000000000000000000000000000B2
:10DE700000000000000000000000000000000000A2
:10DE80000000000000000000000000000000000092
:10DE90000000000000000000000000000000000082
:10DEA0000000000000000000000000000000000072
:10DEB0000000000000000000000000000000000062
:10DEC0000000000000000000000000000000000052
:10DED0000000000000000000000000000000000042
:10DEE0000000000000000000000000000000000032
:10DEF0000000000000000000000000000000000022
:10DF00000000000000000000000000000000000011
:10DF10000000000000000000000000000000000001
:10DF200000000000000000000000000000000000F1
:10DF300000000000000000000000000000000000E1
:10DF400000000000000000000000000000000000D1
:10DF500000000000000000000000000000000000C1
:10DF600000000000000000000000000000000000B1
:10DF700000000000000000000000000000000000A1
:10DF80000000000000000000000000000000000091
:10DF90000000000000000000000000000000000081
:10DFA0000000000000000000000000000000000071
:10DFB0000000000000000000000000000000000061
:10DFC0000000000000000000000000000000000051
:10DFD0000000000000000000000000000000000041
:10DFE0000000000000000000000000000000000031
:10DFF0000000000000000000000000000000000021
:10E000000000000000000000000000000000000010
:10E010000000000000000000000000000000000000
:10E0200000000000000000000000000000000000F0
:10E0300000000000000000000000000000000000E0
:10E0400000000000000000000000000000000000D0
:10E0500000000000000000000000000000000000C0
:10E0600000000000000000000000000000000000B0
:10E0700000000000000000000000000000000000A0
:10E080000000000000000000000000000000000090
:10E090000000000000000000000000000000000080
:10E0A0000000000000000000000000000000000070
:10E0B0000000000000000000000000000000000060
:10E0C0000000000000000000000000000000000050
:10E0D0000000000000000000000000000000000040
:10E0E0000000000000000000000000000000000030
:10E0F0000000000000000000000000000000000020
:10E10000000000000000000000000000000000000F
:10E1100000000000000000000000000000000000FF
:10E1200000000000000000000000000000000000EF
:10E1300000000000000000000000000000000000DF
:10E1400000000000000000000000000000000000CF
:10E1500000000000000000000000000000000000BF
:10E1600000000000000000000000000000000000AF
:10E17000000000000000000000000000000000009F
:10E18000000000000000000000000000000000008F
:10E19000000000000000000000000000000000007F
:10E1A000000000000000000000000000000000006F
:10E1B000000000000000000000000000000000005F
:10E1C000000000000000000000000000000000004F
:10E1D000000000000000000000000000000000003F
:10E1E000000000000000000000000000000000002F
:10E1F000000000000000000000000000000000001F
:10E20000000000000000000000000000000000000E
:10E2100000000000000000000000000000000000FE
:10E2200000000000000000000000000000000000EE
:10E2300000000000000000000000000000000000DE
:10E2400000000000000000000000000000000000CE
:10E2500000000000000000000000000000000000BE
:10E2600000000000000000000000000000000000AE
:10E27000000000000000000000000000000000009E
:10E28000000000000000000000000000000000008E
:10E29000000000000000000000000000000000007E
:10E2A000000000000000000000000000000000006E
:10E2B000000000000000000000000000000000005E
:10E2C000000000000000000000000000000000004E
:10E2D000000000000000000000000000000000003E
:10E2E000000000000000000000000000000000002E
:10E2F000000000000000000000000000000000001E
:10E30000000000000000000000000000000000000D
:10E3100000000000000000000000000000000000FD
:10E3200000000000000000000000000000000000ED
:10E3300000000000000000000000000000000000DD
:10E3400000000000000000000000000000000000CD
:10E3500000000000000000000000000000000000BD
:10E3600000000000000000000000000000000000AD
:10E37000000000000000000000000000000000009D
:10E38000000000000000000000000000000000008D
:10E39000000000000000000000000000000000007D
:10E3A000000000000000000000000000000000006D
:10E3B000000000000000000000000000000000005D
:10E3C000000000000000000000000000000000004D
:10E3D000000000000000000000000000000000003D
:10E3E000000000000000000000000000000000002D
:10E3F000000000000000000000000000000000001D
:10E40000000000000000000000000000000000000C
:10E4100000000000000000000000000000000000FC
:10E4200000000000000000000000000000000000EC
:10E4300000000000000000000000000000000000DC
:10E4400000000000000000000000000000000000CC
:10E4500000000000000000000000000000000000BC
:10E4600000000000000000000000000000000000AC
:10E47000000000000000000000000000000000009C
:10E48000000000000000000000000000000000008C
:10E49000000000000000000000000000000000007C
:10E4A000000000000000000000000000000000006C
:10E4B000000000000000000000000000000000005C
:10E4C000000000000000000000000000000000004C
:10E4D000000000000000000000000000000000003C
:10E4E000000000000000000000000000000000002C
:10E4F000000000000000000000000000000000001C
:10E50000000000000000000000000000000000000B
:10E5100000000000000000000000000000000000FB
:10E5200000000000000000000000000000000000EB
:10E5300000000000000000000000000000000000DB
:10E5400000000000000000000000000000000000CB
:10E5500000000000000000000000000000000000BB
:10E5600000000000000000000000000000000000AB
:10E57000000000000000000000000000000000009B
:10E58000000000000000000000000000000000008B
:10E59000000000000000000000000000000000007B
:10E5A000000000000000000000000000000000006B
:10E5B000000000000000000000000000000000005B
:10E5C000000000000000000000000000000000004B
:10E5D000000000000000000000000000000000003B
:10E5E000000000000000000000000000000000002B
:10E5F000000000000000000000000000000000001B
:10E60000000000000000000000000000000000000A
:10E6100000000000000000000000000000000000FA
:10E6200000000000000000000000000000000000EA
:10E6300000000000000000000000000000000000DA
:10E6400000000000000000000000000000000000CA
:10E6500000000000000000000000000000000000BA
:10E6600000000000000000000000000000000000AA
:10E67000000000000000000000000000000000009A
:10E68000000000000000000000000000000000008A
:10E69000000000000000000000000000000000007A
:10E6A000000000000000000000000000000000006A
:10E6B000000000000000000000000000000000005A
:10E6C000000000000000000000000000000000004A
:10E6D000000000000000000000000000000000003A
:10E6E000000000000000000000000000000000002A
:10E6F000000000000000000000000000000000001A
:10E700000000000000000000000000000000000009
:10E7100000000000000000000000000000000000F9
:10E7200000000000000000000000000000000000E9
:10E7300000000000000000000000000000000000D9
:10E7400000000000000000000000000000000000C9
:10E7500000000000000000000000000000000000B9
:10E7600000000000000000000000000000000000A9
:10E770000000000000000000000000000000000099
:10E780000000000000000000000000000000000089
:10E790000000000000000000000000000000000079
:10E7A0000000000000000000000000000000000069
:10E7B0000000000000000000000000000000000059
:10E7C0000000000000000000000000000000000049
:10E7D0000000000000000000000000000000000039
:10E7E0000000000000000000000000000000000029
:10E7F0000000000000000000000000000000000019
:10E800000000000000000000000000000000000008
:10E8100000000000000000000000000000000000F8
:10E8200000000000000000000000000000000000E8
:10E8300000000000000000000000000000000000D8
:10E8400000000000000000000000000000000000C8
:10E8500000000000000000000000000000000000B8
:10E8600000000000000000000000000000000000A8
:10E870000000000000000000000000000000000098
:10E880000000000000000000000000000000000088
:10E890000000000000000000000000000000000078
:10E8A0000000000000000000000000000000000068
:10E8B0000000000000000000000000000000000058
:10E8C0000000000000000000000000000000000048
:10E8D0000000000000000000000000000000000038
:10E8E0000000000000000000000000000000000028
:10E8F0000000000000000000000000000000000018
:10E900000000000000000000000000000000000007
:10E9100000000000000000000000000000000000F7
:10E9200000000000000000000000000000000000E7
:10E9300000000000000000000000000000000000D7
:10E9400000000000000000000000000000000000C7
:10E9500000000000000000000000000000000000B7
:10E9600000000000000000000000000000000000A7
:10E970000000000000000000000000000000000097
:10E980000000000000000000000000000000000087
:10E990000000000000000000000000000000000077
:10E9A0000000000000000000000000000000000067
:10E9B0000000000000000000000000000000000057
:10E9C0000000000000000000000000000000000047
:10E9D0000000000000000000000000000000000037
:10E9E0000000000000000000000000000000000027
:10E9F0000000000000000000000000000000000017
:10EA00000000000000000000000000000000000006
:10EA100000000000000000000000000000000000F6
:10EA200000000000000000000000000000000000E6
:10EA300000000000000000000000000000000000D6
:10EA400000000000000000000000000000000000C6
:10EA500000000000000000000000000000000000B6
:10EA600000000000000000000000000000000000A6
:10EA70000000000000000000000000000000000096
:10EA80000000000000000000000000000000000086
:10EA90000000000000000000000000000000000076
:10EAA0000000000000000000000000000000000066
:10EAB0000000000000000000000000000000000056
:10EAC0000000000000000000000000000000000046
:10EAD0000000000000000000000000000000000036
:10EAE0000000000000000000000000000000000026
:10EAF0000000000000000000000000000000000016
:10EB00000000000000000000000000000000000005
:10EB100000000000000000000000000000000000F5
:10EB200000000000000000000000000000000000E5
:10EB300000000000000000000000000000000000D5
:10EB400000000000000000000000000000000000C5
:10EB500000000000000000000000000000000000B5
:10EB600000000000000000000000000000000000A5
:10EB70000000000000000000000000000000000095
:10EB80000000000000000000000000000000000085
:10EB90000000000000000000000000000000000075
:10EBA0000000000000000000000000000000000065
:10EBB0000000000000000000000000000000000055
:10EBC0000000000000000000000000000000000045
:10EBD0000000000000000000000000000000000035
:10EBE0000000000000000000000000000000000025
:10EBF0000000000000000000000000000000000015
:10EC00000000000000000000000000000000000004
:10EC100000000000000000000000000000000000F4
:10EC200000000000000000000000000000000000E4
:10EC300000000000000000000000000000000000D4
:10EC400000000000000000000000000000000000C4
:10EC500000000000000000000000000000000000B4
:10EC600000000000000000000000000000000000A4
:10EC70000000000000000000000000000000000094
:10EC80000000000000000000000000000000000084
:10EC90000000000000000000000000000000000074
:10ECA0000000000000000000000000000000000064
:10ECB0000000000000000000000000000000000054
:10ECC0000000000000000000000000000000000044
:10ECD0000000000000000000000000000000000034
:10ECE0000000000000000000000000000000000024
:10ECF0000000000000000000000000000000000014
:10ED00000000000000000000000000000000000003
:10ED100000000000000000000000000000000000F3
:10ED200000000000000000000000000000000000E3
:10ED300000000000000000000000000000000000D3
:10ED400000000000000000000000000000000000C3
:10ED500000000000000000000000000000000000B3
:10ED600000000000000000000000000000000000A3
:10ED70000000000000000000000000000000000093
:10ED80000000000000000000000000000000000083
:10ED90000000000000000000000000000000000073
:10EDA0000000000000000000000000000000000063
:10EDB0000000000000000000000000000000000053
:10EDC0000000000000000000000000000000000043
:10EDD0000000000000000000000000000000000033
:10EDE0000000000000000000000000000000000023
:10EDF0000000000000000000000000000000000013
:10EE00000000000000000000000000000000000002
:10EE100000000000000000000000000000000000F2
:10EE200000000000000000000000000000000000E2
:10EE300000000000000000000000000000000000D2
:10EE400000000000000000000000000000000000C2
:10EE500000000000000000000000000000000000B2
:10EE600000000000000000000000000000000000A2
:10EE70000000000000000000000000000000000092
:10EE80000000000000000000000000000000000082
:10EE90000000000000000000000000000000000072
:10EEA0000000000000000000000000000000000062
:10EEB0000000000000000000000000000000000052
:10EEC0000000000000000000000000000000000042
:10EED0000000000000000000000000000000000032
:10EEE0000000000000000000000000000000000022
:10EEF0000000000000000000000000000000000012
:10EF00000000000000000000000000000000000001
:10EF100000000000000000000000000000000000F1
:10EF200000000000000000000000000000000000E1
:10EF300000000000000000000000000000000000D1
:10EF400000000000000000000000000000000000C1
:10EF500000000000000000000000000000000000B1
:10EF600000000000000000000000000000000000A1
:10EF70000000000000000000000000000000000091
:10EF80000000000000000000000000000000000081
:10EF90000000000000000000000000000000000071
:10EFA0000000000000000000000000000000000061
:10EFB0000000000000000000000000000000000051
:10EFC0000000000000000000000000000000000041
:10EFD0000000000000000000000000000000000031
:10EFE0000000000000000000000000000000000021
:10EFF0000000000000000000000000000000000011
:10F000000000000000000000000000000000000000
:10F0100000000000000000000000000000000000F0
:10F0200000000000000000000000000000000000E0
:10F0300000000000000000000000000000000000D0
:10F0400000000000000000000000000000000000C0
:10F0500000000000000000000000000000000000B0
:10F0600000000000000000000000000000000000A0
:10F070000000000000000000000000000000000090
:10F080000000000000000000000000000000000080
:10F090000000000000000000000000000000000070
:10F0A0000000000000000000000000000000000060
:10F0B0000000000000000000000000000000000050
:10F0C0000000000000000000000000000000000040
:10F0D0000000000000000000000000000000000030
:10F0E0000000000000000000000000000000000020
:10F0F0000000000000000000000000000000000010
:10F1000000000000000000000000000000000000FF
:10F1100000000000000000000000000000000000EF
:10F1200000000000000000000000000000000000DF
:10F1300000000000000000000000000000000000CF
:10F1400000000000000000000000000000000000BF
:10F1500000000000000000000000000000000000AF
:10F16000000000000000000000000000000000009F
:10F17000000000000000000000000000000000008F
:10F18000000000000000000000000000000000007F
:10F19000000000000000000000000000000000006F
:10F1A000000000000000000000000000000000005F
:10F1B000000000000000000000000000000000004F
:10F1C000000000000000000000000000000000003F
:10F1D000000000000000000000000000000000002F
:10F1E000000000000000000000000000000000001F
:10F1F000000000000000000000000000000000000F
:10F2000000000000000000000000000000000000FE
:10F2100000000000000000000000000000000000EE
:10F2200000000000000000000000000000000000DE
:10F2300000000000000000000000000000000000CE
:10F2400000000000000000000000000000000000BE
:10F2500000000000000000000000000000000000AE
:10F26000000000000000000000000000000000009E
:10F27000000000000000000000000000000000008E
:10F28000000000000000000000000000000000007E
:10F29000000000000000000000000000000000006E
:10F2A000000000000000000000000000000000005E
:10F2B000000000000000000000000000000000004E
:10F2C000000000000000000000000000000000003E
:10F2D000000000000000000000000000000000002E
:10F2E000000000000000000000000000000000001E
:10F2F000000000000000000000000000000000000E
:10F3000000000000000000000000000000000000FD
:10F3100000000000000000000000000000000000ED
:10F3200000000000000000000000000000000000DD
:10F3300000000000000000000000000000000000CD
:10F3400000000000000000000000000000000000BD
:10F3500000000000000000000000000000000000AD
:10F36000000000000000000000000000000000009D
:10F37000000000000000000000000000000000008D
:10F38000000000000000000000000000000000007D
:10F39000000000000000000000000000000000006D
:10F3A000000000000000000000000000000000005D
:10F3B000000000000000000000000000000000004D
:10F3C000000000000000000000000000000000003D
:10F3D000000000000000000000000000000000002D
:10F3E000000000000000000000000000000000001D
:10F3F000000000000000000000000000000000000D
:10F4000000000000000000000000000000000000FC
:10F4100000000000000000000000000000000000EC
:10F4200000000000000000000000000000000000DC
:10F4300000000000000000000000000000000000CC
:10F4400000000000000000000000000000000000BC
:10F4500000000000000000000000000000000000AC
:10F46000000000000000000000000000000000009C
:10F47000000000000000000000000000000000008C
:10F48000000000000000000000000000000000007C
:10F49000000000000000000000000000000000006C
:10F4A000000000000000000000000000000000005C
:10F4B000000000000000000000000000000000004C
:10F4C000000000000000000000000000000000003C
:10F4D000000000000000000000000000000000002C
:10F4E000000000000000000000000000000000001C
:10F4F000000000000000000000000000000000000C
:10F5000000000000000000000000000000000000FB
:10F5100000000000000000000000000000000000EB
:10F5200000000000000000000000000000000000DB
:10F5300000000000000000000000000000000000CB
:10F5400000000000000000000000000000000000BB
:10F5500000000000000000000000000000000000AB
:10F56000000000000000000000000000000000009B
:10F57000000000000000000000000000000000008B
:10F58000000000000000000000000000000000007B
:10F59000000000000000000000000000000000006B
:10F5A000000000000000000000000000000000005B
:10F5B000000000000000000000000000000000004B
:10F5C000000000000000000000000000000000003B
:10F5D000000000000000000000000000000000002B
:10F5E000000000000000000000000000000000001B
:10F5F000000000000000000000000000000000000B
:10F6000000000000000000000000000000000000FA
:10F6100000000000000000000000000000000000EA
:10F6200000000000000000000000000000000000DA
:10F6300000000000000000000000000000000000CA
:10F6400000000000000000000000000000000000BA
:10F6500000000000000000000000000000000000AA
:10F66000000000000000000000000000000000009A
:10F67000000000000000000000000000000000008A
:10F68000000000000000000000000000000000007A
:10F69000000000000000000000000000000000006A
:10F6A000000000000000000000000000000000005A
:10F6B000000000000000000000000000000000004A
:10F6C000000000000000000000000000000000003A
:10F6D000000000000000000000000000000000002A
:10F6E000000000000000000000000000000000001A
:10F6F000000000000000000000000000000000000A
:10F7000000000000000000000000000000000000F9
:10F7100000000000000000000000000000000000E9
:10F7200000000000000000000000000000000000D9
:10F7300000000000000000000000000000000000C9
:10F7400000000000000000000000000000000000B9
:10F7500000000000000000000000000000000000A9
:10F760000000000000000000000000000000000099
:10F770000000000000000000000000000000000089
:10F780000000000000000000000000000000000079
:10F790000000000000000000000000000000000069
:10F7A0000000000000000000000000000000000059
:10F7B0000000000000000000000000000000000049
:10F7C0000000000000000000000000000000000039
:10F7D0000000000000000000000000000000000029
:10F7E0000000000000000000000000000000000019
:10F7F0000000000000000000000000000000000009
:10F8000000000000000000000000000000000000F8
:10F8100000000000000000000000000000000000E8
:10F8200000000000000000000000000000000000D8
:10F8300000000000000000000000000000000000C8
:10F8400000000000000000000000000000000000B8
:10F8500000000000000000000000000000000000A8
:10F860000000000000000000000000000000000098
:10F870000000000000000000000000000000000088
:10F880000000000000000000000000000000000078
:10F890000000000000000000000000000000000068
:10F8A0000000000000000000000000000000000058
:10F8B0000000000000000000000000000000000048
:10F8C0000000000000000000000000000000000038
:10F8D0000000000000000000000000000000000028
:10F8E0000000000000000000000000000000000018
:10F8F0000000000000000000000000000000000008
:10F9000000000000000000000000000000000000F7
:10F9100000000000000000000000000000000000E7
:10F9200000000000000000000000000000000000D7
:10F9300000000000000000000000000000000000C7
:10F9400000000000000000000000000000000000B7
:10F9500000000000000000000000000000000000A7
:10F960000000000000000000000000000000000097
:10F970000000000000000000000000000000000087
:10F980000000000000000000000000000000000077
:10F990000000000000000000000000000000000067
:10F9A0000000000000000000000000000000000057
:10F9B0000000000000000000000000000000000047
:10F9C0000000000000000000000000000000000037
:10F9D0000000000000000000000000000000000027
:10F9E0000000000000000000000000000000000017
:10F9F0000000000000000000000000000000000007
:10FA000000000000000000000000000000000000F6
:10FA100000000000000000000000000000000000E6
:10FA200000000000000000000000000000000000D6
:10FA300000000000000000000000000000000000C6
:10FA400000000000000000000000000000000000B6
:10FA500000000000000000000000000000000000A6
:10FA60000000000000000000000000000000000096
:10FA70000000000000000000000000000000000086
:10FA80000000000000000000000000000000000076
:10FA90000000000000000000000000000000000066
:10FAA0000000000000000000000000000000000056
:10FAB0000000000000000000000000000000000046
:10FAC0000000000000000000000000000000000036
:10FAD0000000000000000000000000000000000026
:10FAE0000000000000000000000000000000000016
:10FAF0000000000000000000000000000000000006
:10FB000000000000000000000000000000000000F5
:10FB100000000000000000000000000000000000E5
:10FB200000000000000000000000000000000000D5
:10FB300000000000000000000000000000000000C5
:10FB400000000000000000000000000000000000B5
:10FB500000000000000000000000000000000000A5
:10FB60000000000000000000000000000000000095
:10FB70000000000000000000000000000000000085
:10FB80000000000000000000000000000000000075
:10FB90000000000000000000000000000000000065
:10FBA0000000000000000000000000000000000055
:10FBB0000000000000000000000000000000000045
:10FBC0000000000000000000000000000000000035
:10FBD0000000000000000000000000000000000025
:10FBE0000000000000000000000000000000000015
:10FBF0000000000000000000000000000000000005
:10FC000000000000000000000000000000000000F4
:10FC100000000000000000000000000000000000E4
:10FC200000000000000000000000000000000000D4
:10FC300000000000000000000000000000000000C4
:10FC400000000000000000000000000000000000B4
:10FC500000000000000000000000000000000000A4
:10FC60000000000000000000000000000000000094
:10FC70000000000000000000000000000000000084
:10FC80000000000000000000000000000000000074
:10FC90000000000000000000000000000000000064
:10FCA0000000000000000000000000000000000054
:10FCB0000000000000000000000000000000000044
:10FCC0000000000000000000000000000000000034
:10FCD0000000000000000000000000000000000024
:10FCE0000000000000000000000000000000000014
:10FCF0000000000000000000000000000000000004
:10FD000000000000000000000000000000000000F3
:10FD100000000000000000000000000000000000E3
:10FD200000000000000000000000000000000000D3
:10FD300000000000000000000000000000000000C3
:10FD400000000000000000000000000000000000B3
:10FD500000000000000000000000000000000000A3
:10FD60000000000000000000000000000000000093
:10FD70000000000000000000000000000000000083
:10FD80000000000000000000000000000000000073
:10FD90000000000000000000000000000000000063
:10FDA0000000000000000000000000000000000053
:10FDB0000000000000000000000000000000000043
:10FDC0000000000000000000000000000000000033
:10FDD0000000000000000000000000000000000023
:10FDE0000000000000000000000000000000000013
:10FDF0000000000000000000000000000000000003
:10FE000000000000000000000000000000000000F2
:10FE100000000000000000000000000000000000E2
:10FE200000000000000000000000000000000000D2
:10FE300000000000000000000000000000000000C2
:10FE400000000000000000000000000000000000B2
:10FE500000000000000000000000000000000000A2
:10FE60000000000000000000000000000000000092
:10FE70000000000000000000000000000000000082
:10FE80000000000000000000000000000000000072
:10FE90000000000000000000000000000000000062
:10FEA0000000000000000000000000000000000052
:10FEB0000000000000000000000000000000000042
:10FEC0000000000000000000000000000000000032
:10FED0000000000000000000000000000000000022
:10FEE0000000000000000000000000000000000012
:10FEF0000000000000000000000000000000000002
:10FF000000000000000000000000000000000000F1
:10FF100000000000000000000000000000000000E1
:10FF200000000000000000000000000000000000D1
:10FF300000000000000000000000000000000000C1
:10FF400000000000000000000000000000000000B1
:10FF500000000000000000000000000000000000A1
:10FF60000000000000000000000000000000000091
:10FF70000000000000000000000000000000000081
:10FF80000000000000000000000000000000000071
:10FF90000000000000000000000000000000000061
:10FFA0000000000000000000000000000000000051
:10FFB0000000000000000000000000000000000041
:10FFC0000000000000000000000000000000000031
:10FFD0000000000000000000000000000000000021
:10FFE0000000000000000000000000000000000011
:10FFF0000000000000000000000000000000000001
:020000040801F1
:1000000000000000000000000000000000000000F0
:1000100000000000000000000000000000000000E0
:1000200000000000000000000000000000000000D0
:1000300000000000000000000000000000000000C0
:1000400000000000000000000000000000000000B0
:1000500000000000000000000000000000000000A0
:100060000000000000000000000000000000000090
:100070000000000000000000000000000000000080
:100080000000000000000000000000000000000070
:100090000000000000000000000000000000000060
:1000A0000000000000000000000000000000000050
:1000B0000000000000000000000000000000000040
:1000C0000000000000000000000000000000000030
:1000D0000000000000000000000000000000000020
:1000E0000000000000000000000000000000000010
:1000F0000000000000000000000000000000000000
:1001000000000000000000000000000000000000EF
:1001100000000000000000000000000000000000DF
:1001200000000000000000000000000000000000CF
:1001300000000000000000000000000000000000BF
:1001400000000000000000000000000000000000AF
:10015000000000000000000000000000000000009F
:10016000000000000000000000000000000000008F
:10017000000000000000000000000000000000007F
:10018000000000000000000000000000000000006F
:10019000000000000000000000000000000000005F
:1001A000000000000000000000000000000000004F
:1001B000000000000000000000000000000000003F
:1001C000000000000000000000000000000000002F
:1001D000000000000000000000000000000000001F
:1001E000000000000000000000000000000000000F
:1001F00000000000000000000000000000000000FF
:1002000000000000000000000000000000000000EE
:1002100000000000000000000000000000000000DE
:1002200000000000000000000000000000000000CE
:1002300000000000000000000000000000000000BE
:1002400000000000000000000000000000000000AE
:10025000000000000000000000000000000000009E
:10026000000000000000000000000000000000008E
:10027000000000000000000000000000000000007E
:10028000000000000000000000000000000000006E
:10029000000000000000000000000000000000005E
:1002A000000000000000000000000000000000004E
:1002B000000000000000000000000000000000003E
:1002C000000000000000000000000000000000002E
:1002D000000000000000000000000000000000001E
:1002E000000000000000000000000000000000000E
:1002F00000000000000000000000000000000000FE
:1003000000000000000000000000000000000000ED
:1003100000000000000000000000000000000000DD
:1003200000000000000000000000000000000000CD
:1003300000000000000000000000000000000000BD
:1003400000000000000000000000000000000000AD
:10035000000000000000000000000000000000009D
:10036000000000000000000000000000000000008D
:10037000000000000000000000000000000000007D
:10038000000000000000000000000000000000006D
:10039000000000000000000000000000000000005D
:1003A000000000000000000000000000000000004D
:1003B000000000000000000000000000000000003D
:1003C000000000000000000000000000000000002D
:1003D000000000000000000000000000000000001D
:1003E000000000000000000000000000000000000D
:1003F00000000000000000000000000000000000FD
:1004000000000000000000000000000000000000EC
:1004100000000000000000000000000000000000DC
:1004200000000000000000000000000000000000CC
:1004300000000000000000000000000000000000BC
:1004400000000000000000000000000000000000AC
:10045000000000000000000000000000000000009C
:10046000000000000000000000000000000000008C
:10047000000000000000000000000000000000007C
:10048000000000000000000000000000000000006C
:10049000000000000000000000000000000000005C
:1004A000000000000000000000000000000000004C
:1004B000000000000000000000000000000000003C
:1004C000000000000000000000000000000000002C
:1004D000000000000000000000000000000000001C
:1004E000000000000000000000000000000000000C
:1004F00000000000000000000000000000000000FC
:1005000000000000000000000000000000000000EB
:1005100000000000000000000000000000000000DB
:1005200000000000000000000000000000000000CB
:1005300000000000000000000000000000000000BB
:1005400000000000000000000000000000000000AB
:10055000000000000000000000000000000000009B
:10056000000000000000000000000000000000008B
:10057000000000000000000000000000000000007B
:10058000000000000000000000000000000000006B
:10059000000000000000000000000000000000005B
:1005A000000000000000000000000000000000004B
:1005B000000000000000000000000000000000003B
:1005C000000000000000000000000000000000002B
:1005D000000000000000000000000000000000001B
:1005E000000000000000000000000000000000000B
:1005F00000000000000000000000000000000000FB
:1006000000000000000000000000000000000000EA
:1006100000000000000000000000000000000000DA
:1006200000000000000000000000000000000000CA
:1006300000000000000000000000000000000000BA
:1006400000000000000000000000000000000000AA
:10065000000000000000000000000000000000009A
:10066000000000000000000000000000000000008A
:10067000000000000000000000000000000000007A
:10068000000000000000000000000000000000006A
:10069000000000000000000000000000000000005A
:1006A000000000000000000000000000000000004A
:1006B000000000000000000000000000000000003A
:1006C000000000000000000000000000000000002A
:1006D000000000000000000000000000000000001A
:1006E000000000000000000000000000000000000A
:1006F00000000000000000000000000000000000FA
:1007000000000000000000000000000000000000E9
:1007100000000000000000000000000000000000D9
:1007200000000000000000000000000000000000C9
:1007300000000000000000000000000000000000B9
:1007400000000000000000000000000000000000A9
:100750000000000000000000000000000000000099
:100760000000000000000000000000000000000089
:100770000000000000000000000000000000000079
:100780000000000000000000000000000000000069
:100790000000000000000000000000000000000059
:1007A0000000000000000000000000000000000049
:1007B0000000000000000000000000000000000039
:1007C0000000000000000000000000000000000029
:1007D0000000000000000000000000000000000019
:1007E0000000000000000000000000000000000009
:1007F00000000000000000000000000000000000F9
:10080000BBB001000000000000000000000000007C
:1008100000000000000000000000000000000000D8
:1008200000000000000000000000000000000000C8
:1008300000000000000000000000000000000000B8
:1008400000000000000000000000000000000000A8
:100850000000000000000000000000000000000098
:100860000000000000000000000000000000000088
:100870000000000000000000000000000000000078
:100880000000000000000000000000000000000068
:100890000000000000000000000000000000000058
:1008A0000000000000000000000000000000000048
:1008B0000000000000000000000000000000000038
:1008C0000000000000000000000000000000000028
:1008D0000000000000000000000000000000000018
:1008E0000000000000000000000000000000000008
:1008F00000000000000000000000000000000000F8
:1009000000000000000000000000000000000000E7
:1009100000000000000000000000000000000000D7
:1009200000000000000000000000000000000000C7
:1009300000000000000000000000000000000000B7
:1009400000000000000000000000000000000000A7
:100950000000000000000000000000000000000097
:100960000000000000000000000000000000000087
:100970000000000000000000000000000000000077
:100980000000000000000000000000000000000067
:100990000000000000000000000000000000000057
:1009A0000000000000000000000000000000000047
:1009B0000000000000000000000000000000000037
:1009C0000000000000000000000000000000000027
:1009D0000000000000000000000000000000000017
:1009E0000000000000000000000000000000000007
:1009F00000000000000000000000000000000000F7
:100A000000000000000000000000000000000000E6
:100A100000000000000000000000000000000000D6
:100A200000000000000000000000000000000000C6
:100A300000000000000000000000000000000000B6
:100A400000000000000000000000000000000000A6
:100A50000000000000000000000000000000000096
:100A60000000000000000000000000000000000086
:100A70000000000000000000000000000000000076
:100A80000000000000000000000000000000000066
:100A90000000000000000000000000000000000056
:100AA0000000000000000000000000000000000046
:100AB0000000000000000000000000000000000036
:100AC0000000000000000000000000000000000026
:100AD0000000000000000000000000000000000016
:100AE0000000000000000000000000000000000006
:100AF00000000000000000000000000000000000F6
:100B000000000000000000000000000000000000E5
:100B100000000000000000000000000000000000D5
:100B200000000000000000000000000000000000C5
:100B300000000000000000000000000000000000B5
:100B400000000000000000000000000000000000A5
:100B50000000000000000000000000000000000095
:100B60000000000000000000000000000000000085
:100B70000000000000000000000000000000000075
:100B80000000000000000000000000000000000065
:100B90000000000000000000000000000000000055
:100BA0000000000000000000000000000000000045
:100BB0000000000000000000000000000000000035
:100BC0000000000000000000000000000000000025
:100BD0000000000000000000000000000000000015
:100BE0000000000000000000000000000000000005
:100BF00000000000000000000000000000000000F5
:100C000000000000000000000000000000000000E4
:100C100000000000000000000000000000000000D4
:100C200000000000000000000000000000000000C4
:100C300000000000000000000000000000000000B4
:100C400000000000000000000000000000000000A4
:100C50000000000000000000000000000000000094
:100C60000000000000000000000000000000000084
:100C70000000000000000000000000000000000074
:100C80000000000000000000000000000000000064
:100C90000000000000000000000000000000000054
:100CA0000000000000000000000000000000000044
:100CB0000000000000000000000000000000000034
:100CC0000000000000000000000000000000000024
:100CD0000000000000000000000000000000000014
:100CE0000000000000000000000000000000000004
:100CF00000000000000000000000000000000000F4
:100D000000000000000000000000000000000000E3
:100D100000000000000000000000000000000000D3
:100D200000000000000000000000000000000000C3
:100D300000000000000000000000000000000000B3
:100D400000000000000000000000000000000000A3
:100D50000000000000000000000000000000000093
:100D60000000000000000000000000000000000083
:100D70000000000000000000000000000000000073
:100D80000000000000000000000000000000000063
:100D90000000000000000000000000000000000053
:100DA0000000000000000000000000000000000043
:100DB0000000000000000000000000000000000033
:100DC0000000000000000000000000000000000023
:100DD0000000000000000000000000000000000013
:100DE0000000000000000000000000000000000003
:100DF00000000000000000000000000000000000F3
:100E000000000000000000000000000000000000E2
:100E100000000000000000000000000000000000D2
:100E200000000000000000000000000000000000C2
:100E300000000000000000000000000000000000B2
:100E400000000000000000000000000000000000A2
:100E50000000000000000000000000000000000092
:100E60000000000000000000000000000000000082
:100E70000000000000000000000000000000000072
:100E80000000000000000000000000000000000062
:100E90000000000000000000000000000000000052
:100EA0000000000000000000000000000000000042
:100EB0000000000000000000000000000000000032
:100EC0000000000000000000000000000000000022
:100ED0000000000000000000000000000000000012
:100EE0000000000000000000000000000000000002
:100EF00000000000000000000000000000000000F2
:100F000000000000000000000000000000000000E1
:100F100000000000000000000000000000000000D1
:100F200000000000000000000000000000000000C1
:100F300000000000000000000000000000000000B1
:100F400000000000000000000000000000000000A1
:100F50000000000000000000000000000000000091
:100F60000000000000000000000000000000000081
:100F70000000000000000000000000000000000071
:100F80000000000000000000000000000000000061
:100F90000000000000000000000000000000000051
:100FA0000000000000000000000000000000000041
:100FB0000000000000000000000000000000000031
:100FC0000000000000000000000000000000000021
:100FD0000000000000000000000000000000000011
:100FE0000000000000000000000000000000000001
:100FF00000000000000000000000000000000000F1
:101000003C110800021301138D29140887271B08BF
:101010005D08411A9D0C1A45041A51044BFB281413
:10102000411A7D0C69043928290835010A020A147D
:1010300009022013010125804B09041502FFFFFF5F
:101040001C0705811419072A02071412034D1253B5
:101050001246125412311A30021913114228130188
:101060000479940008100157494E5553423A921C96
:101070001A052832883207122A1244126512761293
:10108000691A63081249126E1A7408127212663ACB
:10109000611212471A55161244327332501A7B16D7
:1010A00012311235126212341A337E12381A2D069A
:1010B00012341A640E1A2D1A1A31341A360A1A62A8
:1010C000101A65441A2D0E1A30301A371A12383A8F
:1010D000391E3A343C727D13D125140805261B08AD
:1010E00011041A29041A49041AA9141ADD04170450
:1010F000030904120132021E40501D6F60BD5B02E5
:0C11000003E529078210D324F40000004E
:04000005080001519D
:00000001FF
